Name,Target,Precursors,Temperature (C),Dwell Duration (h),Furnace
PG-1734-1,HfPH6NO6,"['HfO2_PG', 'NH4H2PO4_PG']",200.0,0.02,BF
PG-1735-1,Na2Hf2CO7,"['HfO2_PG', 'Na2CO3_PG']",500.0,0.02,BF
PG-1738-1,Hf2Nb2O9,"['HfO2_PG', 'Nb2O5_PG']",900.0,0.02,BF
PG-1739-1,HfNiO3,"['HfO2_PG', 'NiO_PG']",1100.0,0.02,BF
PG-1740-1,HfPbO3,"['HfO2_PG', 'PbO_PG']",500.0,0.02,BF
PG-1834-1,In2PH6NO7,"['In2O3_PG', 'NH4H2PO4_PG']",200.0,0.02,BF
PG-1835-1,Na2In2CO6,"['In2O3_PG', 'Na2CO3_PG']",500.0,0.02,BF
PG-1838-1,NbInO4,"['In2O3_PG', 'Nb2O5_PG']",900.0,0.02,BF
PG-1839-1,In2Ni2O5,"['In2O3_PG', 'NiO_PG']",1100.0,0.02,BF
PG-1840-1,In2Pb2O5,"['PbO_PG', 'In2O3_PG']",500.0,0.02,BF
PG-1934-1,K4PH12C2NO13,"['K2CO3(H2O)1.5_PG', 'NH4H2PO4_PG']",200.0,0.02,BF
PG-1935-1,K4Na4H6C4O15,"['K2CO3(H2O)1.5_PG', 'Na2CO3_PG']",500.0,0.02,BF
PG-1938-1,K4Nb4H6C2O19,"['K2CO3(H2O)1.5_PG', 'Nb2O5_PG']",500.0,0.02,BF
PG-1939-1,K4Ni4H6C2O13,"['K2CO3(H2O)1.5_PG', 'NiO_PG']",500.0,0.02,BF
PG-1940-1,K4H6Pb4C2O13,"['K2CO3(H2O)1.5_PG', 'PbO_PG']",500.0,0.02,BF
PG-2034-1,KP2H8NO8,"['NH4H2PO4_PG', 'KH2PO4_PG']",200.0,0.02,BF
PG-2035-1,K2Na2P2H4CO11,"['KH2PO4_PG', 'Na2CO3_PG']",200.0,0.02,BF
PG-2038-1,K2Nb2P2H4O13,"['KH2PO4_PG', 'Nb2O5_PG']",200.0,0.02,BF
PG-2039-1,KNiPH2O5,"['KH2PO4_PG', 'NiO_PG']",200.0,0.02,BF
PG-2040-1,KPH2PbO5,"['KH2PO4_PG', 'PbO_PG']",200.0,0.02,BF
PG-2134-1,LaPH9NO7,"['La(OH)3_PG', 'NH4H2PO4_PG']",200.0,0.02,BF
PG-2135-1,Na2La2H6CO9,"['La(OH)3_PG', 'Na2CO3_PG']",200.0,0.02,BF
PG-2138-1,La2Nb2H6O11,"['La(OH)3_PG', 'Nb2O5_PG']",200.0,0.02,BF
PG-2139-1,LaNiH3O4,"['La(OH)3_PG', 'NiO_PG']",200.0,0.02,BF
PG-2140-1,LaH3PbO4,"['La(OH)3_PG', 'PbO_PG']",200.0,0.02,BF
PG-2234-1,Li2PH6CNO7,"['Li2CO3_PG', 'NH4H2PO4_PG']",200.0,0.02,BF
PG-2235-1,NaLiCO3,"['Li2CO3_PG', 'Na2CO3_PG']",400.0,0.02,BF
PG-2238-1,Li2Nb2CO8,"['Li2CO3_PG', 'Nb2O5_PG']",400.0,0.02,BF
PG-2239-1,Li2Ni2CO5,"['Li2CO3_PG', 'NiO_PG']",400.0,0.02,BF
PG-2240-1,Li2Pb2CO5,"['Li2CO3_PG', 'PbO_PG']",400.0,0.02,BF
PG-2434-1,LiPH9NO6,"['LiOH(H2O)_PG', 'NH4H2PO4_PG']",200.0,0.02,BF
PG-2435-1,Na2Li2H6CO7,"['LiOH(H2O)_PG', 'Na2CO3_PG']",200.0,0.02,BF
PG-2438-1,Li2Nb2(H2O3)3,"['LiOH(H2O)_PG', 'Nb2O5_PG']",200.0,0.02,BF
PG-2439-1,LiNi(HO)3,"['LiOH(H2O)_PG', 'NiO_PG']",200.0,0.02,BF
PG-2440-1,LiH3PbO3,"['LiOH(H2O)_PG', 'PbO_PG']",200.0,0.02,BF
PG-1749-1,HfWO5,"['HfO2_PG', 'WO3_PG']",900.0,0.02,BF
PG-1750-1,Y2Hf2O7,"['HfO2_PG', 'Y2O3_PG']",1100.0,0.02,BF
PG-1751-1,HfZnO3,"['HfO2_PG', 'ZnO_PG']",1100.0,0.02,BF
PG-1752-1,HfZrO4,"['HfO2_PG', 'ZrO2_PG']",1100.0,0.02,BF
PG-1849-1,In2W2O9,"['In2O3_PG', 'WO3_PG']",900.0,0.02,BF
PG-1850-1,YInO3,"['In2O3_PG', 'Y2O3_PG']",1100.0,0.02,BF
PG-1851-1,Zn2In2O5,"['In2O3_PG', 'ZnO_PG']",1100.0,0.02,BF
PG-1852-1,Zr2In2O7,"['In2O3_PG', 'ZrO2_PG']",1100.0,0.02,BF
PG-1949-1,K4H6W4C2O21,"['K2CO3(H2O)1.5_PG', 'WO3_PG']",500.0,0.02,BF
PG-1950-1,K4Y4H6C2O15,"['K2CO3(H2O)1.5_PG', 'Y2O3_PG']",500.0,0.02,BF
PG-1951-1,K4Zn4H6C2O13,"['K2CO3(H2O)1.5_PG', 'ZnO_PG']",500.0,0.02,BF
PG-1952-1,K4Zr4H6C2O17,"['K2CO3(H2O)1.5_PG', 'ZrO2_PG']",500.0,0.02,BF
PG-2049-1,KPH2WO7,"['KH2PO4_PG', 'WO3_PG']",200.0,0.02,BF
PG-2050-1,K2Y2P2H4O11,"['KH2PO4_PG', 'Y2O3_PG']",200.0,0.02,BF
PG-2051-1,KZnPH2O5,"['KH2PO4_PG', 'ZnO_PG']",200.0,0.02,BF
PG-2052-1,KZrP(HO3)2,"['KH2PO4_PG', 'ZrO2_PG']",200.0,0.02,BF
PG-2149-1,LaH3WO6,"['La(OH)3_PG', 'WO3_PG']",200.0,0.02,BF
PG-2150-1,La2Y2(H2O3)3,"['La(OH)3_PG', 'Y2O3_PG']",200.0,0.02,BF
PG-2151-1,LaZnH3O4,"['La(OH)3_PG', 'ZnO_PG']",200.0,0.02,BF
PG-2152-1,LaZrH3O5,"['La(OH)3_PG', 'ZrO2_PG']",200.0,0.02,BF
PG-2249-1,Li2W2CO9,"['Li2CO3_PG', 'WO3_PG']",400.0,0.02,BF
PG-2250-1,Li2Y2CO6,"['Li2CO3_PG', 'Y2O3_PG']",400.0,0.02,BF
PG-2251-1,Li2Zn2CO5,"['Li2CO3_PG', 'ZnO_PG']",400.0,0.02,BF
PG-2252-1,Li2Zr2CO7,"['Li2CO3_PG', 'ZrO2_PG']",400.0,0.02,BF
PG-2449-1,LiH3WO5,"['LiOH(H2O)_PG', 'WO3_PG']",200.0,0.02,BF
PG-2450-1,Li2Y2H6O7,"['LiOH(H2O)_PG', 'Y2O3_PG']",200.0,0.02,BF
PG-2451-1,LiZn(HO)3,"['LiOH(H2O)_PG', 'ZnO_PG']",200.0,0.02,BF
PG-2452-1,LiZrH3O4,"['LiOH(H2O)_PG', 'ZrO2_PG']",200.0,0.02,BF
PG-1741-1,Hf2Sb2O7,"['HfO2_PG', 'Sb2O3_PG']",300.0,0.02,BF
PG-1743-1,HfSiO4,"['HfO2_PG', 'SiO2_PG']",1000.0,0.02,BF
PG-1744-1,HfSnO4,"['HfO2_PG', 'SnO2_PG']",1000.0,0.02,BF
PG-1745-1,SrHfCO5,"['HfO2_PG', 'SrCO3_PG']",900.0,0.02,BF
PG-1746-1,HfTiO4,"['HfO2_PG', 'TiO2_PG']",1100.0,0.02,BF
PG-1747-1,Hf2V2O7,"['HfO2_PG', 'V2O3_PG']",1100.0,0.02,BF
PG-1748-1,Hf2V2O9,"['HfO2_PG', 'V2O5_PG']",400.0,0.02,BF
PG-1841-1,InSbO3,"['In2O3_PG', 'Sb2O3_PG']",300.0,0.02,BF
PG-1843-1,In2Si2O7,"['In2O3_PG', 'SiO2_PG']",1000.0,0.02,BF
PG-1844-1,In2Sn2O7,"['In2O3_PG', 'SnO2_PG']",1000.0,0.02,BF
PG-1845-1,Sr2In2C2O9,"['In2O3_PG', 'SrCO3_PG']",900.0,0.02,BF
PG-1846-1,Ti2In2O7,"['In2O3_PG', 'TiO2_PG']",1100.0,0.02,BF
PG-1847-1,VInO3,"['In2O3_PG', 'V2O3_PG']",1100.0,0.02,BF
PG-1848-1,VInO4,"['In2O3_PG', 'V2O5_PG']",400.0,0.02,BF
PG-1941-1,K4Sb4H6C2O15,"['K2CO3(H2O)1.5_PG', 'Sb2O3_PG']",300.0,0.02,BF
PG-1943-1,K4Si4H6C2O17,"['K2CO3(H2O)1.5_PG', 'SiO2_PG']",500.0,0.02,BF
PG-1944-1,K4Sn4H6C2O17,"['K2CO3(H2O)1.5_PG', 'SnO2_PG']",500.0,0.02,BF
PG-1945-1,K4Sr4H6(C2O7)3,"['K2CO3(H2O)1.5_PG', 'SrCO3_PG']",500.0,0.02,BF
PG-1946-1,K4Ti4H6C2O17,"['K2CO3(H2O)1.5_PG', 'TiO2_PG']",500.0,0.02,BF
PG-1947-1,K4V4H6C2O15,"['K2CO3(H2O)1.5_PG', 'V2O3_PG']",500.0,0.02,BF
PG-1948-1,K4V4H6C2O19,"['K2CO3(H2O)1.5_PG', 'V2O5_PG']",400.0,0.02,BF
PG-2041-1,K2Sb2P2H4O11,"['KH2PO4_PG', 'Sb2O3_PG']",200.0,0.02,BF
PG-2043-1,KSiP(HO3)2,"['KH2PO4_PG', 'SiO2_PG']",200.0,0.02,BF
PG-2044-1,KSnP(HO3)2,"['KH2PO4_PG', 'SnO2_PG']",200.0,0.02,BF
PG-2045-1,KSrPH2CO7,"['KH2PO4_PG', 'SrCO3_PG']",200.0,0.02,BF
PG-2046-1,KTiP(HO3)2,"['KH2PO4_PG', 'TiO2_PG']",200.0,0.02,BF
PG-2047-1,K2V2P2H4O11,"['KH2PO4_PG', 'V2O3_PG']",200.0,0.02,BF
PG-2048-1,K2V2P2H4O13,"['KH2PO4_PG', 'V2O5_PG']",200.0,0.02,BF
PG-2141-1,La2Sb2(H2O3)3,"['La(OH)3_PG', 'Sb2O3_PG']",200.0,0.02,BF
PG-2143-1,LaSiH3O5,"['La(OH)3_PG', 'SiO2_PG']",200.0,0.02,BF
PG-2144-1,LaSnH3O5,"['La(OH)3_PG', 'SnO2_PG']",200.0,0.02,BF
PG-2145-1,SrLaH3CO6,"['La(OH)3_PG', 'SrCO3_PG']",200.0,0.02,BF
PG-2146-1,LaTiH3O5,"['La(OH)3_PG', 'TiO2_PG']",200.0,0.02,BF
PG-2147-1,La2V2(H2O3)3,"['V2O3_PG', 'La(OH)3_PG']",200.0,0.02,BF
PG-2148-1,La2V2H6O11,"['La(OH)3_PG', 'V2O5_PG']",200.0,0.02,BF
PG-2241-1,Li2Sb2CO6,"['Li2CO3_PG', 'Sb2O3_PG']",300.0,0.02,BF
PG-2243-1,Li2Si2CO7,"['Li2CO3_PG', 'SiO2_PG']",400.0,0.02,BF
PG-2244-1,Li2Sn2CO7,"['Li2CO3_PG', 'SnO2_PG']",400.0,0.02,BF
PG-2245-1,Sr2Li2(CO3)3,"['Li2CO3_PG', 'SrCO3_PG']",400.0,0.02,BF
PG-2246-1,Li2Ti2CO7,"['Li2CO3_PG', 'TiO2_PG']",400.0,0.02,BF
PG-2247-1,Li2V2CO6,"['Li2CO3_PG', 'V2O3_PG']",400.0,0.02,BF
PG-2248-1,Li2V2CO8,"['V2O5_PG', 'Li2CO3_PG']",400.0,0.02,BF
PG-2441-1,Li2Sb2H6O7,"['LiOH(H2O)_PG', 'Sb2O3_PG']",200.0,0.02,BF
PG-2443-1,LiSiH3O4,"['LiOH(H2O)_PG', 'SiO2_PG']",200.0,0.02,BF
PG-2444-1,LiSnH3O4,"['LiOH(H2O)_PG', 'SnO2_PG']",200.0,0.02,BF
PG-2445-1,SrLiH3CO5,"['LiOH(H2O)_PG', 'SrCO3_PG']",200.0,0.02,BF
PG-2446-1,LiTiH3O4,"['LiOH(H2O)_PG', 'TiO2_PG']",200.0,0.02,BF
PG-2447-1,Li2V2H6O7,"['LiOH(H2O)_PG', 'V2O3_PG']",200.0,0.02,BF
PG-2448-1,Li2V2(H2O3)3,"['LiOH(H2O)_PG', 'V2O5_PG']",200.0,0.02,BF
PG-0917-1,Hf3Co3O10,"['Co3O4_PG', 'HfO2_PG']",500.0,0.02,BF
PG-0918-1,In6Co6O17,"['Co3O4_PG', 'In2O3_PG']",500.0,0.02,BF
PG-0919-1,K12Co12H18C6O43,"['Co3O4_PG', 'K2CO3(H2O)1.5_PG']",500.0,0.02,BF
PG-0920-1,K3Co3P3(H3O8)2,"['Co3O4_PG', 'KH2PO4_PG']",200.0,0.02,BF
PG-0921-1,La3Co3H9O13,"['Co3O4_PG', 'La(OH)3_PG']",200.0,0.02,BF
PG-0922-1,Li6Co6C3O17,"['Co3O4_PG', 'Li2CO3_PG']",400.0,0.02,BF
PG-1017-1,Hf2Cr2O7,"['Cr2O3_PG', 'HfO2_PG']",1100.0,0.02,BF
PG-1018-1,CrInO3,"['Cr2O3_PG', 'In2O3_PG']",1100.0,0.02,BF
PG-1019-1,K4Cr4H6C2O15,"['Cr2O3_PG', 'K2CO3(H2O)1.5_PG']",500.0,0.02,BF
PG-1020-1,K2Cr2P2H4O11,"['Cr2O3_PG', 'KH2PO4_PG']",200.0,0.02,BF
PG-1021-1,La2Cr2(H2O3)3,"['Cr2O3_PG', 'La(OH)3_PG']",200.0,0.02,BF
PG-1022-1,Li2Cr2CO6,"['Cr2O3_PG', 'Li2CO3_PG']",400.0,0.02,BF
PG-1024-1,Li2Cr2H6O7,"['Cr2O3_PG', 'LiOH(H2O)_PG']",200.0,0.02,BF
PG-1117-1,HfCuO3,"['CuO_PG', 'HfO2_PG']",800.0,0.02,BF
PG-1118-1,In2Cu2O5,"['CuO_PG', 'In2O3_PG']",800.0,0.02,BF
PG-1119-1,K4Cu4H6C2O13,"['CuO_PG', 'K2CO3(H2O)1.5_PG']",500.0,0.02,BF
PG-1120-1,KCuPH2O5,"['CuO_PG', 'KH2PO4_PG']",200.0,0.02,BF
PG-1121-1,LaCuH3O4,"['CuO_PG', 'La(OH)3_PG']",200.0,0.02,BF
PG-1122-1,Li2Cu2CO5,"['CuO_PG', 'Li2CO3_PG']",400.0,0.02,BF
PG-1217-1,Hf3Fe3O10,"['Fe3O4_PG', 'HfO2_PG']",1000.0,0.02,BF
PG-1218-1,In6Fe6O17,"['Fe3O4_PG', 'In2O3_PG']",1000.0,0.02,BF
PG-1219-1,K12Fe12H18C6O43,"['Fe3O4_PG', 'K2CO3(H2O)1.5_PG']",500.0,0.02,BF
PG-1220-1,K3Fe3P3(H3O8)2,"['Fe3O4_PG', 'KH2PO4_PG']",200.0,0.02,BF
PG-1221-1,La3Fe3H9O13,"['Fe3O4_PG', 'La(OH)3_PG']",200.0,0.02,BF
PG-1222-1,Li6Fe6C3O17,"['Fe3O4_PG', 'Li2CO3_PG']",400.0,0.02,BF
PG-1317-1,Hf2Fe2O7,"['Fe2O3_PG', 'HfO2_PG']",1000.0,0.02,BF
PG-1318-1,InFeO3,"['Fe2O3_PG', 'In2O3_PG']",1000.0,0.02,BF
PG-1319-1,K4Fe4H6C2O15,"['Fe2O3_PG', 'K2CO3(H2O)1.5_PG']",500.0,0.02,BF
PG-1320-1,K2Fe2P2H4O11,"['Fe2O3_PG', 'KH2PO4_PG']",200.0,0.02,BF
PG-1321-1,La2Fe2(H2O3)3,"['Fe2O3_PG', 'La(OH)3_PG']",200.0,0.02,BF
PG-1322-1,Li2Fe2CO6,"['Fe2O3_PG', 'Li2CO3_PG']",400.0,0.02,BF
PG-1324-1,Li2Fe2H6O7,"['Fe2O3_PG', 'LiOH(H2O)_PG']",200.0,0.02,BF
PG-1417-1,HfFeH4(CO4)2,"['FeC2O4(H2O)2_PG', 'HfO2_PG']",200.0,0.02,BF
PG-1418-1,In2Fe2H8C4O15,"['FeC2O4(H2O)2_PG', 'In2O3_PG']",200.0,0.02,BF
PG-1419-1,K4Fe4H22C10O33,"['FeC2O4(H2O)2_PG', 'K2CO3(H2O)1.5_PG']",200.0,0.02,BF
PG-1420-1,KFePH6(CO5)2,"['FeC2O4(H2O)2_PG', 'KH2PO4_PG']",200.0,0.02,BF
PG-1421-1,LaFeH7C2O9,"['FeC2O4(H2O)2_PG', 'La(OH)3_PG']",200.0,0.02,BF
PG-1422-1,Li2Fe2H8(CO3)5,"['FeC2O4(H2O)2_PG', 'Li2CO3_PG']",200.0,0.02,BF
PG-1517-1,Hf2Ga2O7,"['Ga2O3_PG', 'HfO2_PG']",1100.0,0.02,BF
PG-1518-1,InGaO3,"['Ga2O3_PG', 'In2O3_PG']",1100.0,0.02,BF
PG-1519-1,K4Ga4H6C2O15,"['Ga2O3_PG', 'K2CO3(H2O)1.5_PG']",500.0,0.02,BF
PG-1520-1,K2Ga2P2H4O11,"['Ga2O3_PG', 'KH2PO4_PG']",200.0,0.02,BF
PG-1521-1,La2Ga2(H2O3)3,"['Ga2O3_PG', 'La(OH)3_PG']",200.0,0.02,BF
PG-1522-1,Li2Ga2CO6,"['Ga2O3_PG', 'Li2CO3_PG']",400.0,0.02,BF
PG-1617-1,HfGeO4,"['GeO2_PG', 'HfO2_PG']",700.0,0.02,BF
PG-1618-1,In2Ge2O7,"['GeO2_PG', 'In2O3_PG']",700.0,0.02,BF
PG-1619-1,K4Ge4H6C2O17,"['GeO2_PG', 'K2CO3(H2O)1.5_PG']",500.0,0.02,BF
PG-1622-1,Li2Ge2CO7,"['GeO2_PG', 'Li2CO3_PG']",400.0,0.02,BF
PG-2534-1,MgPH6NO5,"['MgO_PG', 'NH4H2PO4_PG']",200.0,0.02,BF
PG-2535-1,Na2Mg2CO5,"['MgO_PG', 'Na2CO3_PG']",500.0,0.02,BF
PG-2538-1,Mg2Nb2O7,"['MgO_PG', 'Nb2O5_PG']",900.0,0.02,BF
PG-2539-1,MgNiO2,"['MgO_PG', 'NiO_PG']",1100.0,0.02,BF
PG-2540-1,MgPbO2,"['MgO_PG', 'PbO_PG']",500.0,0.02,BF
PG-2541-1,Mg2Sb2O5,"['MgO_PG', 'Sb2O3_PG']",300.0,0.02,BF
PG-2543-1,MgSiO3,"['MgO_PG', 'SiO2_PG']",1000.0,0.02,BF
PG-2544-1,MgSnO3,"['MgO_PG', 'SnO2_PG']",1000.0,0.02,BF
PG-2545-1,SrMgCO4,"['MgO_PG', 'SrCO3_PG']",900.0,0.02,BF
PG-2546-1,MgTiO3,"['MgO_PG', 'TiO2_PG']",1100.0,0.02,BF
PG-2547-1,Mg2V2O5,"['MgO_PG', 'V2O3_PG']",1100.0,0.02,BF
PG-2548-1,Mg2V2O7,"['MgO_PG', 'V2O5_PG']",400.0,0.02,BF
PG-2549-1,MgWO4,"['MgO_PG', 'WO3_PG']",900.0,0.02,BF
PG-2550-1,Y2Mg2O5,"['MgO_PG', 'Y2O3_PG']",1100.0,0.02,BF
PG-2551-1,MgZnO2,"['MgO_PG', 'ZnO_PG']",1100.0,0.02,BF
PG-2552-1,MgZrO3,"['MgO_PG', 'ZrO2_PG']",1100.0,0.02,BF
PG-2634-1,MnPH6NO5,"['MnO_PG', 'NH4H2PO4_PG']",200.0,0.02,BF
PG-2635-1,Na2Mn2CO5,"['MnO_PG', 'Na2CO3_PG']",500.0,0.02,BF
PG-2638-1,Mn2Nb2O7,"['MnO_PG', 'Nb2O5_PG']",900.0,0.02,BF
PG-2639-1,MnNiO2,"['MnO_PG', 'NiO_PG']",1100.0,0.02,BF
PG-2640-1,MnPbO2,"['MnO_PG', 'PbO_PG']",500.0,0.02,BF
PG-2641-1,Mn2Sb2O5,"['MnO_PG', 'Sb2O3_PG']",300.0,0.02,BF
PG-2643-1,MnSiO3,"['MnO_PG', 'SiO2_PG']",1000.0,0.02,BF
PG-2644-1,MnSnO3,"['MnO_PG', 'SnO2_PG']",1000.0,0.02,BF
PG-2645-1,SrMnCO4,"['MnO_PG', 'SrCO3_PG']",900.0,0.02,BF
PG-2646-1,TiMnO3,"['MnO_PG', 'TiO2_PG']",1100.0,0.02,BF
PG-2647-1,Mn2V2O5,"['MnO_PG', 'V2O3_PG']",1100.0,0.02,BF
PG-2648-1,Mn2V2O7,"['MnO_PG', 'V2O5_PG']",400.0,0.02,BF
PG-2649-1,MnWO4,"['MnO_PG', 'WO3_PG']",900.0,0.02,BF
PG-2650-1,Y2Mn2O5,"['MnO_PG', 'Y2O3_PG']",1100.0,0.02,BF
PG-2651-1,MnZnO2,"['MnO_PG', 'ZnO_PG']",1100.0,0.02,BF
PG-2652-1,ZrMnO3,"['MnO_PG', 'ZrO2_PG']",1100.0,0.02,BF
PG-2734-1,Mn3PH6NO8,"['Mn3O4_PG', 'NH4H2PO4_PG']",200.0,0.02,BF
PG-2735-1,Na6Mn6C3O17,"['Mn3O4_PG', 'Na2CO3_PG']",500.0,0.02,BF
PG-2738-1,Mn6Nb6O23,"['Mn3O4_PG', 'Nb2O5_PG']",900.0,0.02,BF
PG-2739-1,Mn3Ni3O7,"['Mn3O4_PG', 'NiO_PG']",1000.0,0.02,BF
PG-2740-1,Mn3Pb3O7,"['Mn3O4_PG', 'PbO_PG']",500.0,0.02,BF
PG-2741-1,Mn6Sb6O17,"['Mn3O4_PG', 'Sb2O3_PG']",300.0,0.02,BF
PG-2743-1,Mn3Si3O10,"['Mn3O4_PG', 'SiO2_PG']",1000.0,0.02,BF
PG-2744-1,Mn3Sn3O10,"['Mn3O4_PG', 'SnO2_PG']",1000.0,0.02,BF
PG-2745-1,Sr3Mn3C3O13,"['Mn3O4_PG', 'SrCO3_PG']",900.0,0.02,BF
PG-2746-1,Ti3Mn3O10,"['Mn3O4_PG', 'TiO2_PG']",1000.0,0.02,BF
PG-2747-1,Mn6V6O17,"['V2O3_PG', 'Mn3O4_PG']",1000.0,0.02,BF
PG-2748-1,Mn6V6O23,"['Mn3O4_PG', 'V2O5_PG']",400.0,0.02,BF
PG-2749-1,Mn3W3O13,"['Mn3O4_PG', 'WO3_PG']",900.0,0.02,BF
PG-2750-1,Y6Mn6O17,"['Mn3O4_PG', 'Y2O3_PG']",1000.0,0.02,BF
PG-2751-1,Mn3Zn3O7,"['ZnO_PG', 'Mn3O4_PG']",1000.0,0.02,BF
PG-2752-1,Zr3Mn3O10,"['Mn3O4_PG', 'ZrO2_PG']",1000.0,0.02,BF
PG-2834-1,Mn2PH6NO7,"['Mn2O3_PG', 'NH4H2PO4_PG']",200.0,0.02,BF
PG-2835-1,Na2Mn2CO6,"['Mn2O3_PG', 'Na2CO3_PG']",500.0,0.02,BF
PG-2838-1,MnNbO4,"['Mn2O3_PG', 'Nb2O5_PG']",500.0,0.02,BF
PG-2839-1,Mn2Ni2O5,"['Mn2O3_PG', 'NiO_PG']",500.0,0.02,BF
PG-2840-1,Mn2Pb2O5,"['Mn2O3_PG', 'PbO_PG']",500.0,0.02,BF
PG-2841-1,MnSbO3,"['Mn2O3_PG', 'Sb2O3_PG']",300.0,0.02,BF
PG-2843-1,Mn2Si2O7,"['Mn2O3_PG', 'SiO2_PG']",500.0,0.02,BF
PG-2844-1,Mn2Sn2O7,"['Mn2O3_PG', 'SnO2_PG']",500.0,0.02,BF
PG-2845-1,Sr2Mn2C2O9,"['Mn2O3_PG', 'SrCO3_PG']",500.0,0.02,BF
PG-2846-1,Ti2Mn2O7,"['Mn2O3_PG', 'TiO2_PG']",500.0,0.02,BF
PG-2847-1,MnVO3,"['Mn2O3_PG', 'V2O3_PG']",500.0,0.02,BF
PG-2848-1,MnVO4,"['Mn2O3_PG', 'V2O5_PG']",400.0,0.02,BF
PG-2849-1,Mn2W2O9,"['Mn2O3_PG', 'WO3_PG']",500.0,0.02,BF
PG-2850-1,YMnO3,"['Mn2O3_PG', 'Y2O3_PG']",500.0,0.02,BF
PG-2851-1,Mn2Zn2O5,"['Mn2O3_PG', 'ZnO_PG']",500.0,0.02,BF
PG-2852-1,Zr2Mn2O7,"['Mn2O3_PG', 'ZrO2_PG']",500.0,0.02,BF
PG-2934-1,MnPH6NO6,"['MnO2_PG', 'NH4H2PO4_PG']",200.0,0.02,BF
PG-2935-1,Na2Mn2CO7,"['MnO2_PG', 'Na2CO3_PG']",300.0,0.02,BF
PG-2938-1,Mn2Nb2O9,"['MnO2_PG', 'Nb2O5_PG']",300.0,0.02,BF
PG-2939-1,MnNiO3,"['MnO2_PG', 'NiO_PG']",300.0,0.02,BF
PG-2940-1,MnPbO3,"['MnO2_PG', 'PbO_PG']",300.0,0.02,BF
PG-2941-1,Mn2Sb2O7,"['MnO2_PG', 'Sb2O3_PG']",300.0,0.02,BF
PG-2943-1,MnSiO4,"['MnO2_PG', 'SiO2_PG']",300.0,0.02,BF
PG-2944-1,MnSnO4,"['MnO2_PG', 'SnO2_PG']",300.0,0.02,BF
PG-2945-1,SrMnCO5,"['MnO2_PG', 'SrCO3_PG']",300.0,0.02,BF
PG-2949-1,MnWO5,"['MnO2_PG', 'WO3_PG']",300.0,0.02,BF
PG-2950-1,Y2Mn2O7,"['MnO2_PG', 'Y2O3_PG']",300.0,0.02,BF
PG-2951-1,MnZnO3,"['MnO2_PG', 'ZnO_PG']",300.0,0.02,BF
PG-2952-1,ZrMnO4,"['MnO2_PG', 'ZrO2_PG']",300.0,0.02,BF
PG-3034-1,MoPH6NO7,"['MoO3_PG', 'NH4H2PO4_PG']",200.0,0.02,BF
PG-3035-1,Na2Mo2CO9,"['MoO3_PG', 'Na2CO3_PG']",400.0,0.02,BF
PG-3038-1,Nb2Mo2O11,"['MoO3_PG', 'Nb2O5_PG']",400.0,0.02,BF
PG-3039-1,NiMoO4,"['MoO3_PG', 'NiO_PG']",400.0,0.02,BF
PG-3040-1,MoPbO4,"['MoO3_PG', 'PbO_PG']",400.0,0.02,BF
PG-3049-1,MoWO6,"['MoO3_PG', 'WO3_PG']",400.0,0.02,BF
PG-3050-1,Y2Mo2O9,"['MoO3_PG', 'Y2O3_PG']",400.0,0.02,BF
PG-3051-1,ZnMoO4,"['MoO3_PG', 'ZnO_PG']",400.0,0.02,BF
PG-3052-1,ZrMoO5,"['MoO3_PG', 'ZrO2_PG']",400.0,0.02,BF
PG-3140-1,PH9PbN2O5,"['(NH4)2HPO4_PG', 'PbO_PG']",200.0,0.02,BF
PG-3149-1,PH9WN2O7,"['(NH4)2HPO4_PG', 'WO3_PG']",200.0,0.02,BF
PG-3150-1,Y2PH9N2O7,"['(NH4)2HPO4_PG', 'Y2O3_PG']",200.0,0.02,BF
PG-3151-1,ZnPH9N2O5,"['(NH4)2HPO4_PG', 'ZnO_PG']",200.0,0.02,BF
PG-3152-1,ZrPH9(NO3)2,"['(NH4)2HPO4_PG', 'ZrO2_PG']",200.0,0.02,BF
PG-3431-1,P2H15N3O8,"['NH4H2PO4_PG', '(NH4)2HPO4_PG']",200.0,0.02,BF
PG-3531-1,Na2PH9CN2O7,"['Na2CO3_PG', '(NH4)2HPO4_PG']",200.0,0.02,BF
PG-3831-1,Nb2PH9N2O9,"['Nb2O5_PG', '(NH4)2HPO4_PG']",200.0,0.02,BF
PG-3931-1,NiPH9N2O5,"['NiO_PG', '(NH4)2HPO4_PG']",200.0,0.02,BF
PG-0924-1,Li3Co3H9O10,"['Co3O4_PG', 'LiOH(H2O)_PG']",200.0,0.02,BF
PG-1124-1,LiCu(HO)3,[],200.0,0.02,BF
PG-1224-1,Li3Fe3H9O10,"['Fe3O4_PG', 'LiOH(H2O)_PG']",200.0,0.02,BF
PG-1424-1,LiFeH7(CO4)2,"['FeC2O4(H2O)2_PG', 'LiOH(H2O)_PG']",200.0,0.02,BF
PG-1524-1,Li2Ga2H6O7,"['Ga2O3_PG', 'LiOH(H2O)_PG']",200.0,0.02,BF
PG-1620-1,KGeP(HO3)2,"['GeO2_PG', 'KH2PO4_PG']",200.0,0.02,BF
PG-1621-1,LaGeH3O5,"['GeO2_PG', 'La(OH)3_PG']",200.0,0.02,BF
PG-1624-1,LiGeH3O4,[],200.0,0.02,BF
PG-0910-1,Cr6Co6O17,"['Co3O4_PG', 'Cr2O3_PG']",500.0,0.02,BF
PG-0911-1,Co3Cu3O7,"['Co3O4_PG', 'CuO_PG']",500.0,0.02,BF
PG-0912-1,Fe3Co3O8,"['Co3O4_PG', 'Fe3O4_PG']",500.0,0.02,BF
PG-0913-1,Fe6Co6O17,"['Co3O4_PG', 'Fe2O3_PG']",500.0,0.02,BF
PG-0914-1,Fe3Co3H12(C3O11)2,"['Co3O4_PG', 'FeC2O4(H2O)2_PG']",200.0,0.02,BF
PG-0915-1,Ga6Co6O17,"['Co3O4_PG', 'Ga2O3_PG']",500.0,0.02,BF
PG-0916-1,Co3Ge3O10,"['GeO2_PG', 'Co3O4_PG']",500.0,0.02,BF
PG-1011-1,Cr2Cu2O5,"['Cr2O3_PG', 'CuO_PG']",800.0,0.02,BF
PG-1012-1,Cr6Fe6O17,"['Cr2O3_PG', 'Fe3O4_PG']",1000.0,0.02,BF
PG-1013-1,CrFeO3,"['Cr2O3_PG', 'Fe2O3_PG']",1000.0,0.02,BF
PG-1014-1,Cr2Fe2H8C4O15,"['Cr2O3_PG', 'FeC2O4(H2O)2_PG']",200.0,0.02,BF
PG-1015-1,CrGaO3,"['Cr2O3_PG', 'Ga2O3_PG']",1100.0,0.02,BF
PG-1016-1,Cr2Ge2O7,"['Cr2O3_PG', 'GeO2_PG']",700.0,0.02,BF
PG-1112-1,Fe3Cu3O7,"['CuO_PG', 'Fe3O4_PG']",800.0,0.02,BF
PG-1113-1,Fe2Cu2O5,"['CuO_PG', 'Fe2O3_PG']",800.0,0.02,BF
PG-1114-1,FeCuH4C2O7,[],200.0,0.02,BF
PG-1115-1,Ga2Cu2O5,"['CuO_PG', 'Ga2O3_PG']",800.0,0.02,BF
PG-1116-1,CuGeO3,"['CuO_PG', 'GeO2_PG']",700.0,0.02,BF
PG-1214-1,Fe3H6C3O11,"['Fe3O4_PG', 'FeC2O4(H2O)2_PG']",200.0,0.02,BF
PG-1215-1,Ga6Fe6O17,"['Fe3O4_PG', 'Ga2O3_PG']",1000.0,0.02,BF
PG-1216-1,Fe3Ge3O10,"['Fe3O4_PG', 'GeO2_PG']",700.0,0.02,BF
PG-1312-1,Fe12O17,"['Fe2O3_PG', 'Fe3O4_PG']",1000.0,0.02,BF
PG-1314-1,Fe4H8C4O15,"['Fe2O3_PG', 'FeC2O4(H2O)2_PG']",200.0,0.02,BF
PG-1315-1,GaFeO3,"['Fe2O3_PG', 'Ga2O3_PG']",1000.0,0.02,BF
PG-1316-1,Fe2Ge2O7,"['Fe2O3_PG', 'GeO2_PG']",700.0,0.02,BF
PG-1415-1,Ga2Fe2H8C4O15,"['FeC2O4(H2O)2_PG', 'Ga2O3_PG']",200.0,0.02,BF
PG-1416-1,FeGeH4(CO4)2,"['FeC2O4(H2O)2_PG', 'GeO2_PG']",200.0,0.02,BF
PG-1516-1,Ga2Ge2O7,"['Ga2O3_PG', 'GeO2_PG']",700.0,0.02,BF
PG-2946-1,TiMnO4,"['MnO2_PG', 'TiO2_PG']",300.0,0.02,BF
PG-2947-1,Mn2V2O7,"['MnO2_PG', 'V2O3_PG']",300.0,0.02,BF
PG-2948-1,Mn2V2O9,"['MnO2_PG', 'V2O5_PG']",300.0,0.02,BF
PG-3041-1,Sb2Mo2O9,"['MoO3_PG', 'Sb2O3_PG']",300.0,0.02,BF
PG-3043-1,SiMoO5,"['MoO3_PG', 'SiO2_PG']",400.0,0.02,BF
PG-3044-1,SnMoO5,"['MoO3_PG', 'SnO2_PG']",400.0,0.02,BF
PG-3045-1,SrMoCO6,"['MoO3_PG', 'SrCO3_PG']",400.0,0.02,BF
PG-3046-1,TiMoO5,"['MoO3_PG', 'TiO2_PG']",400.0,0.02,BF
PG-3047-1,V2Mo2O9,"['MoO3_PG', 'V2O3_PG']",400.0,0.02,BF
PG-3048-1,V2Mo2O11,"['MoO3_PG', 'V2O5_PG']",400.0,0.02,BF
PG-3141-1,Sb2PH9N2O7,"['(NH4)2HPO4_PG', 'Sb2O3_PG']",200.0,0.02,BF
PG-3143-1,SiPH9(NO3)2,"['(NH4)2HPO4_PG', 'SiO2_PG']",200.0,0.02,BF
PG-3144-1,SnPH9(NO3)2,"['SnO2_PG', '(NH4)2HPO4_PG']",200.0,0.02,BF
PG-3145-1,SrPH9CN2O7,"['(NH4)2HPO4_PG', 'SrCO3_PG']",200.0,0.02,BF
PG-3146-1,TiPH9(NO3)2,"['(NH4)2HPO4_PG', 'TiO2_PG']",200.0,0.02,BF
PG-3147-1,V2PH9N2O7,"['(NH4)2HPO4_PG', 'V2O3_PG']",200.0,0.02,BF
PG-3148-1,V2PH9N2O9,"['(NH4)2HPO4_PG', 'V2O5_PG']",200.0,0.02,BF
PG-0118-1,InAgO2,"['Ag2O_PG', 'In2O3_PG']",200.0,0.02,BF
PG-0120-1,K2Ag2P2H4O9,"['Ag2O_PG', 'KH2PO4_PG']",200.0,0.02,BF
PG-0130-1,Ag2Mo2O7,"['Ag2O_PG', 'MoO3_PG']",200.0,0.02,BF
PG-0317-1,HfBH3O5,"['B(OH)3_PG', 'HfO2_PG']",200.0,0.02,BF
PG-0321-1,LaB(HO)6,"['B(OH)3_PG', 'La(OH)3_PG']",200.0,0.02,BF
PG-0329-1,MnBH3O5,"['B(OH)3_PG', 'MnO2_PG']",200.0,0.02,BF
PG-0418-1,Ba2In2C2O9,"['BaCO3_PG', 'In2O3_PG']",400.0,0.02,BF
PG-0421-1,BaLaH3CO6,"['BaCO3_PG', 'La(OH)3_PG']",200.0,0.02,BF
PG-0425-1,BaMgCO4,"['BaCO3_PG', 'MgO_PG']",400.0,0.02,BF
PG-0517-1,BaHfO4,"['BaO2_PG', 'HfO2_PG']",200.0,0.02,BF
PG-0519-1,K4Ba4H6C2O17,"['BaO2_PG', 'K2CO3(H2O)1.5_PG']",200.0,0.02,BF
PG-0612-1,Fe6Bi6O17,"['Bi2O3_PG', 'Fe3O4_PG']",500.0,0.02,BF
PG-0619-1,K4Bi4H6C2O15,"['Bi2O3_PG', 'K2CO3(H2O)1.5_PG']",500.0,0.02,BF
PG-0622-1,Li2Bi2CO6,"['Bi2O3_PG', 'Li2CO3_PG']",400.0,0.02,BF
PG-0631-1,Bi2PH9N2O7,"['Bi2O3_PG', '(NH4)2HPO4_PG']",200.0,0.02,BF
PG-0719-1,K4Ca4H6(C2O7)3,"['CaCO3_PG', 'K2CO3(H2O)1.5_PG']",500.0,0.02,BF
PG-0721-1,CaLaH3CO6,"['CaCO3_PG', 'La(OH)3_PG']",200.0,0.02,BF
PG-0817-1,HfCoO3,"['CoO_PG', 'HfO2_PG']",1100.0,0.02,BF
PG-0819-1,K4Co4H6C2O13,"['CoO_PG', 'K2CO3(H2O)1.5_PG']",500.0,0.02,BF
PG-0821-1,LaCoH3O4,"['CoO_PG', 'La(OH)3_PG']",200.0,0.02,BF
PG-0840-1,CoPbO2,"['CoO_PG', 'PbO_PG']",500.0,0.02,BF
PG-1721-1,LaHfH3O5,"['HfO2_PG', 'La(OH)3_PG']",200.0,0.02,BF
PG-1921-1,K4La4H18C2O21,"['K2CO3(H2O)1.5_PG', 'La(OH)3_PG']",200.0,0.02,BF
PG-2021-1,KLaPH5O7,"['KH2PO4_PG', 'La(OH)3_PG']",200.0,0.02,BF
PG-2124-1,LiLaH6O5,"['La(OH)3_PG', 'LiOH(H2O)_PG']",200.0,0.02,BF
PG-2629-1,Mn2O3,"['MnO_PG', 'MnO2_PG']",300.0,0.02,BF
PG-2731-1,Mn3PH9(NO4)2,"['Mn3O4_PG', '(NH4)2HPO4_PG']",200.0,0.02,BF
PG-3934-1,NiPH6NO5,"['NiO_PG', 'NH4H2PO4_PG']",200.0,0.02,BF
PG-3940-1,NiPbO2,"['NiO_PG', 'PbO_PG']",500.0,0.02,BF
PG-0148-1,VAgO3,"['Ag2O_PG', 'V2O5_PG']",200.0,0.02,BF
PG-0341-1,B2Sb2(H2O3)3,"['B(OH)3_PG', 'Sb2O3_PG']",200.0,0.02,BF
PG-0343-1,SiBH3O5,"['B(OH)3_PG', 'SiO2_PG']",200.0,0.02,BF
PG-0344-1,SnBH3O5,"['B(OH)3_PG', 'SnO2_PG']",200.0,0.02,BF
PG-0345-1,SrBH3CO6,"['B(OH)3_PG', 'SrCO3_PG']",200.0,0.02,BF
PG-0346-1,TiBH3O5,"['B(OH)3_PG', 'TiO2_PG']",200.0,0.02,BF
PG-0347-1,V2B2(H2O3)3,"['B(OH)3_PG', 'V2O3_PG']",200.0,0.02,BF
PG-0348-1,V2B2H6O11,"['B(OH)3_PG', 'V2O5_PG']",200.0,0.02,BF
PG-0447-1,Ba2V2C2O9,"['BaCO3_PG', 'V2O3_PG']",400.0,0.02,BF
PG-0452-1,BaZrCO5,"['BaCO3_PG', 'ZrO2_PG']",400.0,0.02,BF
PG-0651-1,Zn2Bi2O5,"['Bi2O3_PG', 'ZnO_PG']",500.0,0.02,BF
PG-0748-1,Ca2V2C2O11,"['CaCO3_PG', 'V2O5_PG']",400.0,0.02,BF
PG-0843-1,CoSiO3,"['CoO_PG', 'SiO2_PG']",1000.0,0.02,BF
PG-0844-1,CoSnO3,"['CoO_PG', 'SnO2_PG']",1000.0,0.02,BF
PG-0845-1,SrCoCO4,"['CoO_PG', 'SrCO3_PG']",900.0,0.02,BF
PG-0846-1,TiCoO3,"['CoO_PG', 'TiO2_PG']",1100.0,0.02,BF
PG-0847-1,V2Co2O5,"['CoO_PG', 'V2O3_PG']",1100.0,0.02,BF
PG-0848-1,V2Co2O7,"['CoO_PG', 'V2O5_PG']",400.0,0.02,BF
PG-0940-1,Co3Pb3O7,"['Co3O4_PG', 'PbO_PG']",500.0,0.02,BF
PG-0951-1,Zn3Co3O7,"['Co3O4_PG', 'ZnO_PG']",500.0,0.02,BF
PG-1035-1,Na2Cr2CO6,"['Cr2O3_PG', 'Na2CO3_PG']",500.0,0.02,BF
PG-1140-1,CuPbO2,"['CuO_PG', 'PbO_PG']",500.0,0.02,BF
PG-1143-1,CuSiO3,"['CuO_PG', 'SiO2_PG']",800.0,0.02,BF
PG-1240-1,Fe3Pb3O7,"['PbO_PG', 'Fe3O4_PG']",500.0,0.02,BF
PG-1540-1,Ga2Pb2O5,"['Ga2O3_PG', 'PbO_PG']",500.0,0.02,BF
PG-1828-1,MnInO3,"['In2O3_PG', 'Mn2O3_PG']",500.0,0.02,BF
PG-2230-1,Li2Mo2CO9,"['Li2CO3_PG', 'MoO3_PG']",400.0,0.02,BF
PG-3443-1,V2Pb2O7,"['NH4H2PO4_PG', 'SiO2_PG']",200.0,0.02,BF
PG-3444-1,V2Pb2O7,"['NH4H2PO4_PG', 'SnO2_PG']",200.0,0.02,BF
PG-3445-1,V2Pb2O7,"['NH4H2PO4_PG', 'SrCO3_PG']",200.0,0.02,BF
PG-3446-1,V2Pb2O7,"['NH4H2PO4_PG', 'TiO2_PG']",200.0,0.02,BF
PG-3447-1,V2Pb2O7,"['NH4H2PO4_PG', 'V2O3_PG']",200.0,0.02,BF
PG-3448-1,V2Pb2O7,"['NH4H2PO4_PG', 'V2O5_PG']",200.0,0.02,BF
PG-3449-1,ZrPbO3,"['NH4H2PO4_PG', 'WO3_PG']",200.0,0.02,BF
PG-3451-1,ZnPH6NO5,"['NH4H2PO4_PG', 'ZnO_PG']",200.0,0.02,BF
PG-3452-1,ZrPbO3,"['NH4H2PO4_PG', 'ZrO2_PG']",200.0,0.02,BF
PG-3547-1,ZrPbO3,"['Na2CO3_PG', 'V2O3_PG']",500.0,0.02,BF
PG-3548-1,V2Pb2O7,"['Na2CO3_PG', 'V2O5_PG']",400.0,0.02,BF
PG-3551-1,ZrPbO3,"['Na2CO3_PG', 'ZnO_PG']",500.0,0.02,BF
PG-3552-1,ZrPbO3,"['Na2CO3_PG', 'ZrO2_PG']",500.0,0.02,BF
PG-3843-1,V2Pb2O7,"['Nb2O5_PG', 'SiO2_PG']",900.0,0.02,BF
PG-3845-1,V2Pb2O7,"['Nb2O5_PG', 'SrCO3_PG']",900.0,0.02,BF
PG-3849-1,Nb2W2O11,"['Nb2O5_PG', 'WO3_PG']",900.0,0.02,BF
PG-3850-1,ZrPbO3,"['Nb2O5_PG', 'Y2O3_PG']",900.0,0.02,BF
PG-3851-1,ZrPbO3,"['Nb2O5_PG', 'ZnO_PG']",900.0,0.02,BF
PG-3852-1,ZrPbO3,"['Nb2O5_PG', 'ZrO2_PG']",900.0,0.02,BF
PG-3944-1,V2Pb2O7,"['NiO_PG', 'SnO2_PG']",1000.0,0.02,BF
PG-3946-1,V2Pb2O7,"['NiO_PG', 'TiO2_PG']",1100.0,0.02,BF
PG-3947-1,V2Ni2O5,"['NiO_PG', 'V2O3_PG']",1100.0,0.02,BF
PG-3949-1,ZrPbO3,"['NiO_PG', 'WO3_PG']",900.0,0.02,BF
PG-3950-1,ZrPbO3,"['NiO_PG', 'Y2O3_PG']",1100.0,0.02,BF
PG-3951-1,ZrPbO3,"['NiO_PG', 'ZnO_PG']",1100.0,0.02,BF
PG-3952-1,ZrPbO3,"['NiO_PG', 'ZrO2_PG']",1100.0,0.02,BF
PG-4044-1,SnPbO3,"['PbO_PG', 'SnO2_PG']",500.0,0.02,BF
PG-4045-1,V2Pb2O7,"['PbO_PG', 'SrCO3_PG']",500.0,0.02,BF
PG-4049-1,ZrPbO3,"['PbO_PG', 'WO3_PG']",500.0,0.02,BF
PG-4050-1,ZrPbO3,"['PbO_PG', 'Y2O3_PG']",500.0,0.02,BF
PG-4051-1,ZrPbO3,"['PbO_PG', 'ZnO_PG']",500.0,0.02,BF
PG-4052-1,ZrPbO3,"['PbO_PG', 'ZrO2_PG']",500.0,0.02,BF
PG-4344-1,SiSnO4,"['SiO2_PG', 'SnO2_PG']",1000.0,0.02,BF
PG-4345-1,SrSiCO5,"['SiO2_PG', 'SrCO3_PG']",900.0,0.02,BF
PG-4346-1,TiSiO4,"['SiO2_PG', 'TiO2_PG']",1000.0,0.02,BF
PG-4347-1,V2Si2O7,"['SiO2_PG', 'V2O3_PG']",1000.0,0.02,BF
PG-4348-1,V2Si2O9,"['SiO2_PG', 'V2O5_PG']",400.0,0.02,BF
PG-4349-1,SiWO5,"['SiO2_PG', 'WO3_PG']",900.0,0.02,BF
PG-4445-1,SrSnCO5,"['SnO2_PG', 'SrCO3_PG']",900.0,0.02,BF
PG-4446-1,TiSnO4,"['SnO2_PG', 'TiO2_PG']",1000.0,0.02,BF
PG-4447-1,V2Sn2O7,"['SnO2_PG', 'V2O3_PG']",1000.0,0.02,BF
PG-4448-1,V2Sn2O9,"['SnO2_PG', 'V2O5_PG']",400.0,0.02,BF
PG-4449-1,SnWO5,"['SnO2_PG', 'WO3_PG']",900.0,0.02,BF
PG-4450-1,Y2Sn2O7,"['SnO2_PG', 'Y2O3_PG']",1000.0,0.02,BF
PG-4546-1,SrTiCO5,"['SrCO3_PG', 'TiO2_PG']",900.0,0.02,BF
PG-4547-1,Sr2V2C2O9,"['SrCO3_PG', 'V2O3_PG']",900.0,0.02,BF
PG-4548-1,Sr2V2C2O11,"['SrCO3_PG', 'V2O5_PG']",400.0,0.02,BF
PG-4549-1,SrWCO6,"['SrCO3_PG', 'WO3_PG']",900.0,0.02,BF
PG-4550-1,Sr2Y2C2O9,"['SrCO3_PG', 'Y2O3_PG']",900.0,0.02,BF
PG-4551-1,SrZnCO4,"['SrCO3_PG', 'ZnO_PG']",900.0,0.02,BF
PG-4552-1,SrZrCO5,"['SrCO3_PG', 'ZrO2_PG']",900.0,0.02,BF
PG-4647-1,Ti2V2O7,"['TiO2_PG', 'V2O3_PG']",1100.0,0.02,BF
PG-4649-1,TiWO5,"['TiO2_PG', 'WO3_PG']",900.0,0.02,BF
PG-4651-1,TiZnO3,"['TiO2_PG', 'ZnO_PG']",1100.0,0.02,BF
PG-4748-1,VO2,"['V2O3_PG', 'V2O5_PG']",400.0,0.02,BF
PG-4749-1,V2W2O9,"['V2O3_PG', 'WO3_PG']",900.0,0.02,BF
PG-4750-1,YVO3,"['V2O3_PG', 'Y2O3_PG']",1100.0,0.02,BF
PG-4751-1,V2Zn2O5,"['V2O3_PG', 'ZnO_PG']",1100.0,0.02,BF
PG-4752-1,Zr2V2O7,"['V2O3_PG', 'ZrO2_PG']",1100.0,0.02,BF
PG-0102-1,Al2Ag2H6O7,"['Ag2O_PG', 'Al(OH)3_PG']",200.0,0.02,BF
PG-0103-1,Ag2B2H6O7,"['Ag2O_PG', 'B(OH)3_PG']",200.0,0.02,BF
PG-0104-1,Ba2Ag2C2O7,"['Ag2O_PG', 'BaCO3_PG']",200.0,0.02,BF
PG-0105-1,Ba2Ag2O5,"['Ag2O_PG', 'BaO2_PG']",200.0,0.02,BF
PG-0106-1,AgBiO2,"['Ag2O_PG', 'Bi2O3_PG']",200.0,0.02,BF
PG-0107-1,Ca2Ag2C2O7,"['Ag2O_PG', 'CaCO3_PG']",200.0,0.02,BF
PG-0108-1,Co2Ag2O3,"['Ag2O_PG', 'CoO_PG']",200.0,0.02,BF
PG-0109-1,Co6Ag6O11,"['Ag2O_PG', 'Co3O4_PG']",200.0,0.02,BF
PG-0110-1,CrAgO2,"['Ag2O_PG', 'Cr2O3_PG']",200.0,0.02,BF
PG-0111-1,Cu2Ag2O3,"['Ag2O_PG', 'CuO_PG']",200.0,0.02,BF
PG-0112-1,Fe6Ag6O11,"['Ag2O_PG', 'Fe3O4_PG']",200.0,0.02,BF
PG-0113-1,FeAgO2,"['Ag2O_PG', 'Fe2O3_PG']",200.0,0.02,BF
PG-0114-1,Fe2Ag2H8C4O13,"['Ag2O_PG', 'FeC2O4(H2O)2_PG']",200.0,0.02,BF
PG-0115-1,GaAgO2,"['Ag2O_PG', 'Ga2O3_PG']",200.0,0.02,BF
PG-0116-1,Ag2Ge2O5,"['Ag2O_PG', 'GeO2_PG']",200.0,0.02,BF
PG-0203-1,AlB(HO)6,"['Al(OH)3_PG', 'B(OH)3_PG']",200.0,0.02,BF
PG-0204-1,BaAlH3CO6,"['Al(OH)3_PG', 'BaCO3_PG']",200.0,0.02,BF
PG-0205-1,BaAlH3O5,"['Al(OH)3_PG', 'BaO2_PG']",200.0,0.02,BF
PG-0206-1,Al2Bi2(H2O3)3,"['Al(OH)3_PG', 'Bi2O3_PG']",200.0,0.02,BF
PG-0207-1,CaAlH3CO6,"['Al(OH)3_PG', 'CaCO3_PG']",200.0,0.02,BF
PG-0208-1,AlCoH3O4,"['Al(OH)3_PG', 'CoO_PG']",200.0,0.02,BF
PG-0209-1,Al3Co3H9O13,"['Al(OH)3_PG', 'Co3O4_PG']",200.0,0.02,BF
PG-0210-1,Al2Cr2(H2O3)3,"['Al(OH)3_PG', 'Cr2O3_PG']",200.0,0.02,BF
PG-0211-1,AlCuH3O4,"['Al(OH)3_PG', 'CuO_PG']",200.0,0.02,BF
PG-0212-1,Al3Fe3H9O13,"['Al(OH)3_PG', 'Fe3O4_PG']",200.0,0.02,BF
PG-0213-1,Al2Fe2(H2O3)3,"['Al(OH)3_PG', 'Fe2O3_PG']",200.0,0.02,BF
PG-0214-1,AlFeH7C2O9,"['Al(OH)3_PG', 'FeC2O4(H2O)2_PG']",200.0,0.02,BF
PG-0215-1,Al2Ga2(H2O3)3,"['Al(OH)3_PG', 'Ga2O3_PG']",200.0,0.02,BF
PG-0216-1,AlGeH3O5,"['Al(OH)3_PG', 'GeO2_PG']",200.0,0.02,BF
PG-0304-1,BaBH3CO6,"['B(OH)3_PG', 'BaCO3_PG']",200.0,0.02,BF
PG-0305-1,BaBH3O5,"['B(OH)3_PG', 'BaO2_PG']",200.0,0.02,BF
PG-0306-1,Bi2B2(H2O3)3,"['B(OH)3_PG', 'Bi2O3_PG']",200.0,0.02,BF
PG-0307-1,CaBH3CO6,"['B(OH)3_PG', 'CaCO3_PG']",200.0,0.02,BF
PG-0308-1,CoBH3O4,"['B(OH)3_PG', 'CoO_PG']",200.0,0.02,BF
PG-0309-1,Co3B3H9O13,"['B(OH)3_PG', 'Co3O4_PG']",200.0,0.02,BF
PG-0310-1,Cr2B2(H2O3)3,"['B(OH)3_PG', 'Cr2O3_PG']",200.0,0.02,BF
PG-0311-1,CuBH3O4,"['B(OH)3_PG', 'CuO_PG']",200.0,0.02,BF
PG-0312-1,Fe3B3H9O13,"['B(OH)3_PG', 'Fe3O4_PG']",200.0,0.02,BF
PG-0313-1,Fe2B2(H2O3)3,"['B(OH)3_PG', 'Fe2O3_PG']",200.0,0.02,BF
PG-0314-1,FeBH7C2O9,"['B(OH)3_PG', 'FeC2O4(H2O)2_PG']",200.0,0.02,BF
PG-0315-1,Ga2B2(H2O3)3,"['B(OH)3_PG', 'Ga2O3_PG']",200.0,0.02,BF
PG-0316-1,GeBH3O5,"['B(OH)3_PG', 'GeO2_PG']",200.0,0.02,BF
PG-0405-1,Ba2CO5,"['BaCO3_PG', 'BaO2_PG']",200.0,0.02,BF
PG-0406-1,Ba2Bi2C2O9,"['BaCO3_PG', 'Bi2O3_PG']",400.0,0.02,BF
PG-0407-1,BaCa(CO3)2,"['BaCO3_PG', 'CaCO3_PG']",400.0,0.02,BF
PG-0408-1,BaCoCO4,"['BaCO3_PG', 'CoO_PG']",400.0,0.02,BF
PG-0409-1,Ba3Co3C3O13,"['BaCO3_PG', 'Co3O4_PG']",400.0,0.02,BF
PG-0410-1,Ba2Cr2C2O9,"['BaCO3_PG', 'Cr2O3_PG']",400.0,0.02,BF
PG-0411-1,BaCuCO4,"['BaCO3_PG', 'CuO_PG']",400.0,0.02,BF
PG-0412-1,Ba3Fe3C3O13,"['BaCO3_PG', 'Fe3O4_PG']",400.0,0.02,BF
PG-0413-1,Ba2Fe2C2O9,"['BaCO3_PG', 'Fe2O3_PG']",400.0,0.02,BF
PG-0414-1,BaFeH4(CO3)3,"['BaCO3_PG', 'FeC2O4(H2O)2_PG']",200.0,0.02,BF
PG-0415-1,Ba2Ga2C2O9,"['BaCO3_PG', 'Ga2O3_PG']",400.0,0.02,BF
PG-0416-1,BaGeCO5,"['BaCO3_PG', 'GeO2_PG']",400.0,0.02,BF
PG-0506-1,Ba2Bi2O7,"['BaO2_PG', 'Bi2O3_PG']",200.0,0.02,BF
PG-0507-1,BaCaCO5,"['BaO2_PG', 'CaCO3_PG']",200.0,0.02,BF
PG-0508-1,BaCoO3,"['BaO2_PG', 'CoO_PG']",200.0,0.02,BF
PG-0509-1,Ba3Co3O10,"['BaO2_PG', 'Co3O4_PG']",200.0,0.02,BF
PG-0510-1,Ba2Cr2O7,"['BaO2_PG', 'Cr2O3_PG']",200.0,0.02,BF
PG-0511-1,BaCuO3,"['BaO2_PG', 'CuO_PG']",200.0,0.02,BF
PG-0512-1,Ba3Fe3O10,"['BaO2_PG', 'Fe3O4_PG']",200.0,0.02,BF
PG-0513-1,Ba2Fe2O7,"['BaO2_PG', 'Fe2O3_PG']",200.0,0.02,BF
PG-0514-1,BaFeH4(CO4)2,"['BaO2_PG', 'FeC2O4(H2O)2_PG']",200.0,0.02,BF
PG-0515-1,Ba2Ga2O7,"['Ga2O3_PG', 'BaO2_PG']",200.0,0.02,BF
PG-0516-1,BaGeO4,"['BaO2_PG', 'GeO2_PG']",200.0,0.02,BF
PG-0607-1,Ca2Bi2C2O9,"['Bi2O3_PG', 'CaCO3_PG']",500.0,0.02,BF
PG-0608-1,Co2Bi2O5,"['Bi2O3_PG', 'CoO_PG']",500.0,0.02,BF
PG-0609-1,Co6Bi6O17,"['Bi2O3_PG', 'Co3O4_PG']",500.0,0.02,BF
PG-0610-1,CrBiO3,"['Bi2O3_PG', 'Cr2O3_PG']",500.0,0.02,BF
PG-0611-1,Cu2Bi2O5,"['Bi2O3_PG', 'CuO_PG']",500.0,0.02,BF
PG-0613-1,FeBiO3,"['Bi2O3_PG', 'Fe2O3_PG']",500.0,0.02,BF
PG-0614-1,Fe2Bi2H8C4O15,"['Bi2O3_PG', 'FeC2O4(H2O)2_PG']",200.0,0.02,BF
PG-0615-1,GaBiO3,"['Bi2O3_PG', 'Ga2O3_PG']",500.0,0.02,BF
PG-0616-1,Ge2Bi2O7,"['Bi2O3_PG', 'GeO2_PG']",500.0,0.02,BF
PG-0708-1,CaCoCO4,"['CaCO3_PG', 'CoO_PG']",500.0,0.02,BF
PG-0709-1,Ca3Co3C3O13,"['CaCO3_PG', 'Co3O4_PG']",500.0,0.02,BF
PG-0710-1,Ca2Cr2C2O9,"['CaCO3_PG', 'Cr2O3_PG']",500.0,0.02,BF
PG-0711-1,CaCuCO4,"['CaCO3_PG', 'CuO_PG']",500.0,0.02,BF
PG-0712-1,Ca3Fe3C3O13,"['CaCO3_PG', 'Fe3O4_PG']",500.0,0.02,BF
PG-0713-1,Ca2Fe2C2O9,"['CaCO3_PG', 'Fe2O3_PG']",500.0,0.02,BF
PG-0714-1,CaFeH4(CO3)3,"['CaCO3_PG', 'FeC2O4(H2O)2_PG']",200.0,0.02,BF
PG-0715-1,Ca2Ga2C2O9,"['CaCO3_PG', 'Ga2O3_PG']",500.0,0.02,BF
PG-0716-1,CaGeCO5,"['CaCO3_PG', 'GeO2_PG']",500.0,0.02,BF
PG-0810-1,Cr2Co2O5,"['CoO_PG', 'Cr2O3_PG']",,,BF
PG-0811-1,CoCuO2,"['CoO_PG', 'CuO_PG']",800.0,0.02,BF
PG-0812-1,Fe3Co3O7,"['CoO_PG', 'Fe3O4_PG']",1000.0,0.02,BF
PG-0813-1,Fe2Co2O5,"['CoO_PG', 'Fe2O3_PG']",1000.0,0.02,BF
PG-0814-1,FeCoH4C2O7,"['CoO_PG', 'FeC2O4(H2O)2_PG']",200.0,0.02,BF
PG-0815-1,Ga2Co2O5,"['CoO_PG', 'Ga2O3_PG']",,,BF
PG-0816-1,CoGeO3,"['CoO_PG', 'GeO2_PG']",700.0,0.02,BF
PG-0908-1,Co6O7,"['Co3O4_PG', 'CoO_PG']",500.0,0.02,BF
PG-0125-1,Mg2Ag2O3,"['Ag2O_PG', 'MgO_PG']",200.0,0.02,BF
PG-0126-1,Mn2Ag2O3,"['Ag2O_PG', 'MnO_PG']",200.0,0.02,BF
PG-0127-1,Mn6Ag6O11,"['Ag2O_PG', 'Mn3O4_PG']",200.0,0.02,BF
PG-0128-1,MnAgO2,"['Ag2O_PG', 'Mn2O3_PG']",200.0,0.02,BF
PG-0129-1,Mn2Ag2O5,"['Ag2O_PG', 'MnO2_PG']",200.0,0.02,BF
PG-0131-1,Ag2PH9N2O5,"['Ag2O_PG', '(NH4)2HPO4_PG']",200.0,0.02,BF
PG-0225-1,MgAlH3O4,"['MgO_PG', 'Al(OH)3_PG']",200.0,0.02,BF
PG-0226-1,MnAlH3O4,"['Al(OH)3_PG', 'MnO_PG']",200.0,0.02,BF
PG-0227-1,Mn3Al3H9O13,"['Al(OH)3_PG', 'Mn3O4_PG']",200.0,0.02,BF
PG-0228-1,Mn2Al2(H2O3)3,"['Al(OH)3_PG', 'Mn2O3_PG']",200.0,0.02,BF
PG-0229-1,MnAlH3O5,"['Al(OH)3_PG', 'MnO2_PG']",200.0,0.02,BF
PG-0230-1,AlMo(HO2)3,"['Al(OH)3_PG', 'MoO3_PG']",200.0,0.02,BF
PG-0231-1,AlPH12N2O7,"['Al(OH)3_PG', '(NH4)2HPO4_PG']",200.0,0.02,BF
PG-0325-1,MgBH3O4,"['B(OH)3_PG', 'MgO_PG']",200.0,0.02,BF
PG-0326-1,MnBH3O4,"['B(OH)3_PG', 'MnO_PG']",200.0,0.02,BF
PG-0327-1,Mn3B3H9O13,"['B(OH)3_PG', 'Mn3O4_PG']",200.0,0.02,BF
PG-0328-1,Mn2B2(H2O3)3,"['B(OH)3_PG', 'Mn2O3_PG']",200.0,0.02,BF
PG-0330-1,BMo(HO2)3,"['B(OH)3_PG', 'MoO3_PG']",200.0,0.02,BF
PG-0331-1,BPH12N2O7,"['B(OH)3_PG', '(NH4)2HPO4_PG']",200.0,0.02,BF
PG-0426-1,BaMnCO4,"['BaCO3_PG', 'MnO_PG']",400.0,0.02,BF
PG-0427-1,Ba3Mn3C3O13,"['BaCO3_PG', 'Mn3O4_PG']",400.0,0.02,BF
PG-0428-1,Ba2Mn2C2O9,"['BaCO3_PG', 'Mn2O3_PG']",400.0,0.02,BF
PG-0429-1,BaMnCO5,"['BaCO3_PG', 'MnO2_PG']",300.0,0.02,BF
PG-0430-1,BaMoCO6,"['BaCO3_PG', 'MoO3_PG']",400.0,0.02,BF
PG-0431-1,BaPH9CN2O7,"['BaCO3_PG', '(NH4)2HPO4_PG']",200.0,0.02,BF
PG-0525-1,BaMgO3,"['BaO2_PG', 'MgO_PG']",200.0,0.02,BF
PG-0526-1,BaMnO3,"['BaO2_PG', 'MnO_PG']",200.0,0.02,BF
PG-0527-1,Ba3Mn3O10,"['BaO2_PG', 'Mn3O4_PG']",200.0,0.02,BF
PG-0528-1,Ba2Mn2O7,"['BaO2_PG', 'Mn2O3_PG']",200.0,0.02,BF
PG-0529-1,BaMnO4,"['BaO2_PG', 'MnO2_PG']",200.0,0.02,BF
PG-0530-1,BaMoO5,"['BaO2_PG', 'MoO3_PG']",200.0,0.02,BF
PG-0531-1,BaPH9(NO3)2,"['BaO2_PG', '(NH4)2HPO4_PG']",200.0,0.02,BF
PG-0625-1,Mg2Bi2O5,"['MgO_PG', 'Bi2O3_PG']",500.0,0.02,BF
PG-0626-1,Mn2Bi2O5,"['Bi2O3_PG', 'MnO_PG']",500.0,0.02,BF
PG-0627-1,Mn6Bi6O17,"['Bi2O3_PG', 'Mn3O4_PG']",500.0,0.02,BF
PG-0628-1,MnBiO3,"['Bi2O3_PG', 'Mn2O3_PG']",500.0,0.02,BF
PG-0629-1,Mn2Bi2O7,"['Bi2O3_PG', 'MnO2_PG']",300.0,0.02,BF
PG-0630-1,Bi2Mo2O9,"['Bi2O3_PG', 'MoO3_PG']",400.0,0.02,BF
PG-0725-1,CaMgCO4,"['CaCO3_PG', 'MgO_PG']",500.0,0.02,BF
PG-0726-1,CaMnCO4,"['CaCO3_PG', 'MnO_PG']",500.0,0.02,BF
PG-0727-1,Ca3Mn3C3O13,"['CaCO3_PG', 'Mn3O4_PG']",500.0,0.02,BF
PG-0728-1,Ca2Mn2C2O9,"['CaCO3_PG', 'Mn2O3_PG']",500.0,0.02,BF
PG-0729-1,CaMnCO5,"['CaCO3_PG', 'MnO2_PG']",300.0,0.02,BF
PG-0730-1,CaMoCO6,"['CaCO3_PG', 'MoO3_PG']",400.0,0.02,BF
PG-0731-1,CaPH9CN2O7,"['CaCO3_PG', '(NH4)2HPO4_PG']",200.0,0.02,BF
PG-0825-1,MgCoO2,"['CoO_PG', 'MgO_PG']",1100.0,0.02,BF
PG-0826-1,MnCoO2,"['CoO_PG', 'MnO_PG']",1100.0,0.02,BF
PG-0827-1,Mn3Co3O7,"['CoO_PG', 'Mn3O4_PG']",1000.0,0.02,BF
PG-0828-1,Mn2Co2O5,"['CoO_PG', 'Mn2O3_PG']",500.0,0.02,BF
PG-0829-1,MnCoO3,"['CoO_PG', 'MnO2_PG']",300.0,0.02,BF
PG-0830-1,CoMoO4,"['CoO_PG', 'MoO3_PG']",400.0,0.02,BF
PG-0831-1,CoPH9N2O5,"['CoO_PG', '(NH4)2HPO4_PG']",200.0,0.02,BF
PG-2526-1,MgMnO2,"['MgO_PG', 'MnO_PG']",1100.0,0.02,BF
PG-2527-1,Mg3Mn3O7,"['MgO_PG', 'Mn3O4_PG']",1000.0,0.02,BF
PG-2528-1,Mg2Mn2O5,"['MgO_PG', 'Mn2O3_PG']",500.0,0.02,BF
PG-2529-1,MgMnO3,"['MgO_PG', 'MnO2_PG']",300.0,0.02,BF
PG-2530-1,MgMoO4,"['MgO_PG', 'MoO3_PG']",400.0,0.02,BF
PG-2531-1,MgPH9N2O5,"['MgO_PG', '(NH4)2HPO4_PG']",200.0,0.02,BF
PG-2630-1,MnMoO4,"['MnO_PG', 'MoO3_PG']",400.0,0.02,BF
PG-2631-1,MnPH9N2O5,"['MnO_PG', '(NH4)2HPO4_PG']",200.0,0.02,BF
PG-2726-1,Mn6O7,"['Mn3O4_PG', 'MnO_PG']",1000.0,0.02,BF
PG-2729-1,Mn3O5,"['Mn3O4_PG', 'MnO2_PG']",300.0,0.02,BF
PG-2730-1,Mn3Mo3O13,"['Mn3O4_PG', 'MoO3_PG']",400.0,0.02,BF
PG-2826-1,Mn4O5,"['Mn2O3_PG', 'MnO_PG']",500.0,0.02,BF
PG-2827-1,Mn12O17,"['Mn2O3_PG', 'Mn3O4_PG']",500.0,0.02,BF
PG-2829-1,Mn4O7,"['Mn2O3_PG', 'MnO2_PG']",300.0,0.02,BF
PG-2830-1,Mn2Mo2O9,"['Mn2O3_PG', 'MoO3_PG']",400.0,0.02,BF
PG-2831-1,Mn2PH9N2O7,"['Mn2O3_PG', '(NH4)2HPO4_PG']",200.0,0.02,BF
PG-2930-1,MnMoO5,"['MnO2_PG', 'MoO3_PG']",300.0,0.02,BF
PG-2931-1,MnPH9(NO3)2,"['MnO2_PG', '(NH4)2HPO4_PG']",200.0,0.02,BF
PG-3031-1,MoPH9N2O7,"['MoO3_PG', '(NH4)2HPO4_PG']",200.0,0.02,BF
PG-0141-1,AgSbO2,"['Ag2O_PG', 'Sb2O3_PG']",200.0,0.02,BF
PG-0142-1,Si2Ag2O,"['Ag2O_PG', 'Si_PG']",200.0,0.02,BF
PG-0143-1,Si2Ag2O5,"['Ag2O_PG', 'SiO2_PG']",200.0,0.02,BF
PG-0144-1,Ag2Sn2O5,[],200.0,0.02,BF
PG-0145-1,Sr2Ag2C2O7,[],200.0,0.02,BF
PG-0146-1,Ti2Ag2O5,[],200.0,0.02,BF
PG-0147-1,VAgO2,"['Ag2O_PG', 'V2O3_PG']",200.0,0.02,BF
PG-0241-1,Al2Sb2(H2O3)3,"['Al(OH)3_PG', 'Sb2O3_PG']",200.0,0.02,BF
PG-0242-1,AlSi(HO)3,"['Al(OH)3_PG', 'Si_PG']",200.0,0.02,BF
PG-0243-1,AlSiH3O5,"['Al(OH)3_PG', 'SiO2_PG']",200.0,0.02,BF
PG-0244-1,AlSnH3O5,"['Al(OH)3_PG', 'SnO2_PG']",200.0,0.02,BF
PG-0245-1,SrAlH3CO6,"['Al(OH)3_PG', 'SrCO3_PG']",200.0,0.02,BF
PG-0246-1,TiAlH3O5,"['Al(OH)3_PG', 'TiO2_PG']",200.0,0.02,BF
PG-0247-1,Al2V2(H2O3)3,"['Al(OH)3_PG', 'V2O3_PG']",200.0,0.02,BF
PG-0248-1,Al2V2H6O11,"['Al(OH)3_PG', 'V2O5_PG']",200.0,0.02,BF
PG-0342-1,SiB(HO)3,"['B(OH)3_PG', 'Si_PG']",200.0,0.02,BF
PG-0441-1,Ba2Sb2C2O9,"['BaCO3_PG', 'Sb2O3_PG']",,,BF
PG-0443-1,BaSiCO5,[],400.0,0.02,BF
PG-0444-1,BaSnCO5,[],400.0,0.02,BF
PG-0445-1,BaSr(CO3)2,[],400.0,0.02,BF
PG-0446-1,BaTiCO5,[],400.0,0.02,BF
PG-0448-1,Ba2V2C2O11,[],400.0,0.02,BF
PG-0541-1,Ba2Sb2O7,[],200.0,0.02,BF
PG-0542-1,BaSiO2,"['BaO2_PG', 'Si_PG']",200.0,0.02,BF
PG-0543-1,BaSiO4,[],200.0,0.02,BF
PG-0544-1,BaSnO4,[],200.0,0.02,BF
PG-0545-1,BaSrCO5,[],200.0,0.02,BF
PG-0546-1,BaTiO4,[],200.0,0.02,BF
PG-0547-1,Ba2V2O7,"['BaO2_PG', 'V2O3_PG']",200.0,0.02,BF
PG-0548-1,Ba2V2O9,"['BaO2_PG', 'V2O5_PG']",200.0,0.02,BF
PG-0641-1,BiSbO3,[],300.0,0.02,BF
PG-0643-1,Si2Bi2O7,[],500.0,0.02,BF
PG-0644-1,Sn2Bi2O7,[],500.0,0.02,BF
PG-0645-1,Sr2Bi2C2O9,[],500.0,0.02,BF
PG-0646-1,Ti2Bi2O7,[],500.0,0.02,BF
PG-0647-1,VBiO3,[],500.0,0.02,BF
PG-0648-1,VBiO4,[],400.0,0.02,BF
PG-0741-1,Ca2Sb2C2O9,"['CaCO3_PG', 'Sb2O3_PG']",,,BF
PG-0743-1,CaSiCO5,[],500.0,0.02,BF
PG-0744-1,CaSnCO5,[],500.0,0.02,BF
PG-0745-1,SrCa(CO3)2,[],500.0,0.02,BF
PG-0746-1,CaTiCO5,[],500.0,0.02,BF
PG-0747-1,Ca2V2C2O9,[],500.0,0.02,BF
PG-0841-1,Co2Sb2O5,"['CoO_PG', 'Sb2O3_PG']",,,BF
PG-4142-1,Si2Sb2O3,"['Sb2O3_PG', 'Si_PG']",,,BF
PG-4143-1,Si2Sb2O7,"['Sb2O3_PG', 'SiO2_PG']",,,BF
PG-4144-1,Sn2Sb2O7,"['Sb2O3_PG', 'SnO2_PG']",,,BF
PG-4145-1,Sr2Sb2C2O9,"['Sb2O3_PG', 'SrCO3_PG']",,,BF
PG-4146-1,Ti2Sb2O7,[],300.0,0.02,BF
PG-4147-1,VSbO3,[],300.0,0.02,BF
PG-4148-1,VSbO4,"['Sb2O3_PG', 'V2O5_PG']",,,BF
PG-4248-1,V2Si2O5,"['Si_PG', 'V2O5_PG']",,,BF
PG-4648-1,Ti2V2O9,[],400.0,0.02,BF
PG-0941-1,Co6Sb6O17,"['Co3O4_PG', 'Sb2O3_PG']",300.0,0.02,BF
PG-0943-1,Co3Si3O10,"['Co3O4_PG', 'SiO2_PG']",500.0,0.02,BF
PG-0944-1,Co3Sn3O10,"['Co3O4_PG', 'SnO2_PG']",500.0,0.02,BF
PG-0945-1,Sr3Co3C3O13,"['Co3O4_PG', 'SrCO3_PG']",500.0,0.02,BF
PG-0946-1,Ti3Co3O10,"['Co3O4_PG', 'TiO2_PG']",500.0,0.02,BF
PG-0947-1,V6Co6O17,"['Co3O4_PG', 'V2O3_PG']",500.0,0.02,BF
PG-0948-1,V6Co6O23,"['Co3O4_PG', 'V2O5_PG']",400.0,0.02,BF
PG-1041-1,CrSbO3,"['Cr2O3_PG', 'Sb2O3_PG']",300.0,0.02,BF
PG-1043-1,Cr2Si2O7,"['Cr2O3_PG', 'SiO2_PG']",1000.0,0.02,BF
PG-1044-1,Cr2Sn2O7,"['Cr2O3_PG', 'SnO2_PG']",1000.0,0.02,BF
PG-1045-1,Sr2Cr2C2O9,"['Cr2O3_PG', 'SrCO3_PG']",900.0,0.02,BF
PG-1046-1,Ti2Cr2O7,"['Cr2O3_PG', 'TiO2_PG']",1100.0,0.02,BF
PG-1047-1,VCrO3,"['Cr2O3_PG', 'V2O3_PG']",1100.0,0.02,BF
PG-1048-1,VCrO4,"['Cr2O3_PG', 'V2O5_PG']",400.0,0.02,BF
PG-1141-1,Cu2Sb2O5,"['CuO_PG', 'Sb2O3_PG']",300.0,0.02,BF
PG-1144-1,CuSnO3,"['CuO_PG', 'SnO2_PG']",800.0,0.02,BF
PG-1145-1,SrCuCO4,"['CuO_PG', 'SrCO3_PG']",800.0,0.02,BF
PG-1146-1,TiCuO3,"['CuO_PG', 'TiO2_PG']",800.0,0.02,BF
PG-1147-1,V2Cu2O5,"['CuO_PG', 'V2O3_PG']",800.0,0.02,BF
PG-1148-1,V2Cu2O7,"['CuO_PG', 'V2O5_PG']",400.0,0.02,BF
PG-1241-1,Fe6Sb6O17,"['Fe3O4_PG', 'Sb2O3_PG']",300.0,0.02,BF
PG-1243-1,Fe3Si3O10,"['Fe3O4_PG', 'SiO2_PG']",1000.0,0.02,BF
PG-1244-1,Fe3Sn3O10,"['Fe3O4_PG', 'SnO2_PG']",1000.0,0.02,BF
PG-1245-1,Sr3Fe3C3O13,"['Fe3O4_PG', 'SrCO3_PG']",900.0,0.02,BF
PG-1246-1,Ti3Fe3O10,"['Fe3O4_PG', 'TiO2_PG']",1000.0,0.02,BF
PG-1247-1,V6Fe6O17,"['Fe3O4_PG', 'V2O3_PG']",1000.0,0.02,BF
PG-1248-1,V6Fe6O23,"['Fe3O4_PG', 'V2O5_PG']",400.0,0.02,BF
PG-1341-1,FeSbO3,"['Fe2O3_PG', 'Sb2O3_PG']",300.0,0.02,BF
PG-1343-1,Fe2Si2O7,"['Fe2O3_PG', 'SiO2_PG']",1000.0,0.02,BF
PG-1344-1,Fe2Sn2O7,"['Fe2O3_PG', 'SnO2_PG']",1000.0,0.02,BF
PG-1345-1,Sr2Fe2C2O9,"['Fe2O3_PG', 'SrCO3_PG']",900.0,0.02,BF
PG-1346-1,Ti2Fe2O7,"['Fe2O3_PG', 'TiO2_PG']",1000.0,0.02,BF
PG-1347-1,VFeO3,"['Fe2O3_PG', 'V2O3_PG']",1000.0,0.02,BF
PG-1348-1,VFeO4,"['Fe2O3_PG', 'V2O5_PG']",400.0,0.02,BF
PG-1441-1,Fe2Sb2H8C4O15,"['FeC2O4(H2O)2_PG', 'Sb2O3_PG']",200.0,0.02,BF
PG-1443-1,FeSiH4(CO4)2,"['FeC2O4(H2O)2_PG', 'SiO2_PG']",200.0,0.02,BF
PG-1444-1,FeSnH4(CO4)2,"['FeC2O4(H2O)2_PG', 'SnO2_PG']",200.0,0.02,BF
PG-1445-1,SrFeH4(CO3)3,"['FeC2O4(H2O)2_PG', 'SrCO3_PG']",200.0,0.02,BF
PG-1446-1,TiFeH4(CO4)2,"['FeC2O4(H2O)2_PG', 'TiO2_PG']",200.0,0.02,BF
PG-1447-1,V2Fe2H8C4O15,"['FeC2O4(H2O)2_PG', 'V2O3_PG']",200.0,0.02,BF
PG-1448-1,V2Fe2H8C4O17,"['FeC2O4(H2O)2_PG', 'V2O5_PG']",200.0,0.02,BF
PG-1541-1,GaSbO3,"['Ga2O3_PG', 'Sb2O3_PG']",300.0,0.02,BF
PG-1543-1,Ga2Si2O7,"['Ga2O3_PG', 'SiO2_PG']",1000.0,0.02,BF
PG-1544-1,Ga2Sn2O7,"['Ga2O3_PG', 'SnO2_PG']",1000.0,0.02,BF
PG-1545-1,Sr2Ga2C2O9,"['Ga2O3_PG', 'SrCO3_PG']",900.0,0.02,BF
PG-1546-1,Ti2Ga2O7,"['Ga2O3_PG', 'TiO2_PG']",1100.0,0.02,BF
PG-1547-1,VGaO3,"['Ga2O3_PG', 'V2O3_PG']",1100.0,0.02,BF
PG-1548-1,VGaO4,"['Ga2O3_PG', 'V2O5_PG']",400.0,0.02,BF
PG-1641-1,Ge2Sb2O7,"['GeO2_PG', 'Sb2O3_PG']",300.0,0.02,BF
PG-1643-1,SiGeO4,"['GeO2_PG', 'SiO2_PG']",700.0,0.02,BF
PG-1644-1,SnGeO4,"['GeO2_PG', 'SnO2_PG']",700.0,0.02,BF
PG-1645-1,SrGeCO5,"['GeO2_PG', 'SrCO3_PG']",700.0,0.02,BF
PG-1646-1,TiGeO4,"['GeO2_PG', 'TiO2_PG']",700.0,0.02,BF
PG-1647-1,V2Ge2O7,"['GeO2_PG', 'V2O3_PG']",700.0,0.02,BF
PG-1648-1,V2Ge2O9,"['GeO2_PG', 'V2O5_PG']",400.0,0.02,BF
PG-0133-1,Ag2H4NClO,"['Ag2O_PG', 'NH4Cl_PG']",200.0,0.02,BF
PG-0134-1,Ag2PH6NO5,"['Ag2O_PG', 'NH4H2PO4_PG']",200.0,0.02,BF
PG-0135-1,Na2Ag2CO4,"['Ag2O_PG', 'Na2CO3_PG']",200.0,0.02,BF
PG-0138-1,NbAgO3,"['Ag2O_PG', 'Nb2O5_PG']",200.0,0.02,BF
PG-0139-1,Ni2Ag2O3,"['Ag2O_PG', 'NiO_PG']",200.0,0.02,BF
PG-0140-1,Ag2Pb2O3,"['Ag2O_PG', 'PbO_PG']",200.0,0.02,BF
PG-0233-1,AlH7NClO3,"['Al(OH)3_PG', 'NH4Cl_PG']",200.0,0.02,BF
PG-0234-1,AlPH9NO7,"['Al(OH)3_PG', 'NH4H2PO4_PG']",200.0,0.02,BF
PG-0235-1,Na2Al2H6CO9,"['Al(OH)3_PG', 'Na2CO3_PG']",200.0,0.02,BF
PG-0238-1,Nb2Al2H6O11,"['Al(OH)3_PG', 'Nb2O5_PG']",200.0,0.02,BF
PG-0239-1,AlNiH3O4,"['Al(OH)3_PG', 'NiO_PG']",200.0,0.02,BF
PG-0240-1,AlH3PbO4,"['Al(OH)3_PG', 'PbO_PG']",200.0,0.02,BF
PG-0333-1,BH7NClO3,"['B(OH)3_PG', 'NH4Cl_PG']",200.0,0.02,BF
PG-0334-1,BPH9NO7,"['B(OH)3_PG', 'NH4H2PO4_PG']",200.0,0.02,BF
PG-0335-1,Na2B2H6CO9,"['B(OH)3_PG', 'Na2CO3_PG']",200.0,0.02,BF
PG-0338-1,Nb2B2H6O11,"['B(OH)3_PG', 'Nb2O5_PG']",200.0,0.02,BF
PG-0339-1,NiBH3O4,"['B(OH)3_PG', 'NiO_PG']",200.0,0.02,BF
PG-0340-1,BH3PbO4,"['B(OH)3_PG', 'PbO_PG']",200.0,0.02,BF
PG-0433-1,BaH4CNClO3,"['BaCO3_PG', 'NH4Cl_PG']",200.0,0.02,BF
PG-0434-1,BaPH6CNO7,"['BaCO3_PG', 'NH4H2PO4_PG']",200.0,0.02,BF
PG-0435-1,Ba2Na2(CO3)3,"['BaCO3_PG', 'Na2CO3_PG']",400.0,0.02,BF
PG-0438-1,Ba2Nb2C2O11,"['BaCO3_PG', 'Nb2O5_PG']",400.0,0.02,BF
PG-0439-1,BaNiCO4,"['BaCO3_PG', 'NiO_PG']",400.0,0.02,BF
PG-0440-1,BaPbCO4,"['BaCO3_PG', 'PbO_PG']",400.0,0.02,BF
PG-0533-1,BaH4NClO2,"['BaO2_PG', 'NH4Cl_PG']",200.0,0.02,BF
PG-0534-1,BaPH6NO6,"['BaO2_PG', 'NH4H2PO4_PG']",200.0,0.02,BF
PG-0535-1,Ba2Na2CO7,"['BaO2_PG', 'Na2CO3_PG']",200.0,0.02,BF
PG-0538-1,Ba2Nb2O9,"['BaO2_PG', 'Nb2O5_PG']",200.0,0.02,BF
PG-0539-1,BaNiO3,"['BaO2_PG', 'NiO_PG']",200.0,0.02,BF
PG-0540-1,BaPbO3,"['BaO2_PG', 'PbO_PG']",200.0,0.02,BF
PG-0633-1,Bi2H4NClO3,"['Bi2O3_PG', 'NH4Cl_PG']",200.0,0.02,BF
PG-0634-1,Bi2PH6NO7,"['Bi2O3_PG', 'NH4H2PO4_PG']",200.0,0.02,BF
PG-0635-1,Na2Bi2CO6,"['Bi2O3_PG', 'Na2CO3_PG']",500.0,0.02,BF
PG-0638-1,NbBiO4,"['Bi2O3_PG', 'Nb2O5_PG']",500.0,0.02,BF
PG-0639-1,Ni2Bi2O5,"['Bi2O3_PG', 'NiO_PG']",500.0,0.02,BF
PG-0640-1,Bi2Pb2O5,"['Bi2O3_PG', 'PbO_PG']",500.0,0.02,BF
PG-0733-1,CaH4CNClO3,"['CaCO3_PG', 'NH4Cl_PG']",200.0,0.02,BF
PG-0734-1,CaPH6CNO7,"['CaCO3_PG', 'NH4H2PO4_PG']",200.0,0.02,BF
PG-0735-1,Na2Ca2(CO3)3,"['CaCO3_PG', 'Na2CO3_PG']",500.0,0.02,BF
PG-0738-1,Ca2Nb2C2O11,"['CaCO3_PG', 'Nb2O5_PG']",500.0,0.02,BF
PG-0739-1,CaNiCO4,"['CaCO3_PG', 'NiO_PG']",500.0,0.02,BF
PG-0740-1,CaPbCO4,"['CaCO3_PG', 'PbO_PG']",500.0,0.02,BF
PG-0833-1,CoH4NClO,"['CoO_PG', 'NH4Cl_PG']",200.0,0.02,BF
PG-0834-1,CoPH6NO5,"['CoO_PG', 'NH4H2PO4_PG']",200.0,0.02,BF
PG-0835-1,Na2Co2CO5,"['CoO_PG', 'Na2CO3_PG']",500.0,0.02,BF
PG-0838-1,Nb2Co2O7,"['CoO_PG', 'Nb2O5_PG']",900.0,0.02,BF
PG-0839-1,CoNiO2,"['CoO_PG', 'NiO_PG']",1100.0,0.02,BF
PG-3334-1,PH10N2ClO4,"['NH4Cl_PG', 'NH4H2PO4_PG']",200.0,0.02,BF
PG-3335-1,Na2H4CNClO3,"['NH4Cl_PG', 'Na2CO3_PG']",200.0,0.02,BF
PG-3338-1,Nb2H4NClO5,"['NH4Cl_PG', 'Nb2O5_PG']",200.0,0.02,BF
PG-3339-1,NiH4NClO,"['NH4Cl_PG', 'NiO_PG']",200.0,0.02,BF
PG-3340-1,H4PbNClO,"['NH4Cl_PG', 'PbO_PG']",200.0,0.02,BF
PG-3440-1,PH6PbNO5,"['NH4H2PO4_PG', 'PbO_PG']",200.0,0.02,BF
PG-3534-1,Na2PH6CNO7,"['Na2CO3_PG', 'NH4H2PO4_PG']",200.0,0.02,BF
PG-3538-1,Na2Nb2CO8,"['Na2CO3_PG', 'Nb2O5_PG']",500.0,0.02,BF
PG-3539-1,Na2Ni2CO5,"['Na2CO3_PG', 'NiO_PG']",500.0,0.02,BF
PG-3540-1,Na2Pb2CO5,"['Na2CO3_PG', 'PbO_PG']",500.0,0.02,BF
PG-3834-1,Nb2PH6NO9,"['Nb2O5_PG', 'NH4H2PO4_PG']",200.0,0.02,BF
PG-3839-1,Nb2Ni2O7,"['Nb2O5_PG', 'NiO_PG']",900.0,0.02,BF
PG-3840-1,Nb2Pb2O7,"['Nb2O5_PG', 'PbO_PG']",500.0,0.02,BF
PG-0149-1,Ag2W2O7,"['Ag2O_PG', 'WO3_PG']",200.0,0.02,BF
PG-0150-1,YAgO2,"['Ag2O_PG', 'Y2O3_PG']",200.0,0.02,BF
PG-0151-1,Zn2Ag2O3,"['Ag2O_PG', 'ZnO_PG']",200.0,0.02,BF
PG-0152-1,Zr2Ag2O5,"['Ag2O_PG', 'ZrO2_PG']",200.0,0.02,BF
PG-0249-1,AlH3WO6,"['Al(OH)3_PG', 'WO3_PG']",200.0,0.02,BF
PG-0250-1,Y2Al2(H2O3)3,"['Al(OH)3_PG', 'Y2O3_PG']",200.0,0.02,BF
PG-0251-1,AlZnH3O4,"['Al(OH)3_PG', 'ZnO_PG']",200.0,0.02,BF
PG-0252-1,ZrAlH3O5,"['Al(OH)3_PG', 'ZrO2_PG']",200.0,0.02,BF
PG-0349-1,BH3WO6,"['B(OH)3_PG', 'WO3_PG']",200.0,0.02,BF
PG-0350-1,Y2B2(H2O3)3,"['B(OH)3_PG', 'Y2O3_PG']",200.0,0.02,BF
PG-0351-1,ZnBH3O4,"['B(OH)3_PG', 'ZnO_PG']",200.0,0.02,BF
PG-0352-1,ZrBH3O5,"['B(OH)3_PG', 'ZrO2_PG']",200.0,0.02,BF
PG-0449-1,BaWCO6,"['BaCO3_PG', 'WO3_PG']",400.0,0.02,BF
PG-0450-1,Ba2Y2C2O9,"['BaCO3_PG', 'Y2O3_PG']",400.0,0.02,BF
PG-0451-1,BaZnCO4,"['BaCO3_PG', 'ZnO_PG']",400.0,0.02,BF
PG-0549-1,BaWO5,"['BaO2_PG', 'WO3_PG']",200.0,0.02,BF
PG-0550-1,Ba2Y2O7,"['BaO2_PG', 'Y2O3_PG']",200.0,0.02,BF
PG-0551-1,BaZnO3,"['BaO2_PG', 'ZnO_PG']",200.0,0.02,BF
PG-0552-1,BaZrO4,"['BaO2_PG', 'ZrO2_PG']",200.0,0.02,BF
PG-0649-1,Bi2W2O9,"['Bi2O3_PG', 'WO3_PG']",500.0,0.02,BF
PG-0650-1,YBiO3,"['Bi2O3_PG', 'Y2O3_PG']",500.0,0.02,BF
PG-0652-1,Zr2Bi2O7,"['Bi2O3_PG', 'ZrO2_PG']",500.0,0.02,BF
PG-0749-1,CaWCO6,"['CaCO3_PG', 'WO3_PG']",500.0,0.02,BF
PG-0750-1,Ca2Y2C2O9,"['CaCO3_PG', 'Y2O3_PG']",500.0,0.02,BF
PG-0751-1,CaZnCO4,"['CaCO3_PG', 'ZnO_PG']",500.0,0.02,BF
PG-0752-1,CaZrCO5,"['CaCO3_PG', 'ZrO2_PG']",500.0,0.02,BF
PG-0849-1,CoWO4,"['CoO_PG', 'WO3_PG']",900.0,0.02,BF
PG-0850-1,Y2Co2O5,"['CoO_PG', 'Y2O3_PG']",1100.0,0.02,BF
PG-0851-1,ZnCoO2,"['CoO_PG', 'ZnO_PG']",1100.0,0.02,BF
PG-0852-1,ZrCoO3,"['CoO_PG', 'ZrO2_PG']",1100.0,0.02,BF
PG-0925-1,Mg3Co3O7,"['Co3O4_PG', 'MgO_PG']",500.0,0.02,BF
PG-0926-1,Mn3Co3O7,"['Co3O4_PG', 'MnO_PG']",500.0,0.02,BF
PG-0927-1,Mn3Co3O8,"['Co3O4_PG', 'Mn3O4_PG']",500.0,0.02,BF
PG-0928-1,Mn6Co6O17,"['Co3O4_PG', 'Mn2O3_PG']",500.0,0.02,BF
PG-0929-1,Mn3Co3O10,"['Co3O4_PG', 'MnO2_PG']",300.0,0.02,BF
PG-0930-1,Co3Mo3O13,"['Co3O4_PG', 'MoO3_PG']",400.0,0.02,BF
PG-0931-1,Co3PH9(NO4)2,"['Co3O4_PG', '(NH4)2HPO4_PG']",200.0,0.02,BF
PG-0934-1,Co3PH6NO8,"['Co3O4_PG', 'NH4H2PO4_PG']",200.0,0.02,BF
PG-0935-1,Na6Co6C3O17,"['Co3O4_PG', 'Na2CO3_PG']",500.0,0.02,BF
PG-0938-1,Nb6Co6O23,"['Co3O4_PG', 'Nb2O5_PG']",500.0,0.02,BF
PG-0939-1,Co3Ni3O7,"['NiO_PG', 'Co3O4_PG']",500.0,0.02,BF
PG-0949-1,Co3W3O13,"['Co3O4_PG', 'WO3_PG']",500.0,0.02,BF
PG-0950-1,Y6Co6O17,"['Co3O4_PG', 'Y2O3_PG']",500.0,0.02,BF
PG-0952-1,Zr3Co3O10,"['Co3O4_PG', 'ZrO2_PG']",500.0,0.02,BF
PG-1025-1,Mg2Cr2O5,"['Cr2O3_PG', 'MgO_PG']",1100.0,0.02,BF
PG-1026-1,Mn2Cr2O5,"['Cr2O3_PG', 'MnO_PG']",1100.0,0.02,BF
PG-1027-1,Mn6Cr6O17,"['Cr2O3_PG', 'Mn3O4_PG']",1000.0,0.02,BF
PG-1028-1,MnCrO3,"['Cr2O3_PG', 'Mn2O3_PG']",500.0,0.02,BF
PG-1029-1,Mn2Cr2O7,"['Cr2O3_PG', 'MnO2_PG']",300.0,0.02,BF
PG-1030-1,Cr2Mo2O9,"['Cr2O3_PG', 'MoO3_PG']",400.0,0.02,BF
PG-1031-1,Cr2PH9N2O7,"['Cr2O3_PG', '(NH4)2HPO4_PG']",200.0,0.02,BF
PG-1034-1,Cr2PH6NO7,"['Cr2O3_PG', 'NH4H2PO4_PG']",200.0,0.02,BF
PG-1038-1,NbCrO4,"['Cr2O3_PG', 'Nb2O5_PG']",900.0,0.02,BF
PG-1039-1,Cr2Ni2O5,"['Cr2O3_PG', 'NiO_PG']",1100.0,0.02,BF
PG-1040-1,Cr2Pb2O5,"['Cr2O3_PG', 'PbO_PG']",500.0,0.02,BF
PG-1049-1,Cr2W2O9,"['Cr2O3_PG', 'WO3_PG']",900.0,0.02,BF
PG-1050-1,YCrO3,"['Cr2O3_PG', 'Y2O3_PG']",1100.0,0.02,BF
PG-1051-1,Zn2Cr2O5,"['Cr2O3_PG', 'ZnO_PG']",1100.0,0.02,BF
PG-1052-1,Zr2Cr2O7,"['Cr2O3_PG', 'ZrO2_PG']",1100.0,0.02,BF
PG-1125-1,MgCuO2,"['CuO_PG', 'MgO_PG']",800.0,0.02,BF
PG-1126-1,MnCuO2,"['CuO_PG', 'MnO_PG']",800.0,0.02,BF
PG-1127-1,Mn3Cu3O7,"['CuO_PG', 'Mn3O4_PG']",800.0,0.02,BF
PG-1128-1,Mn2Cu2O5,"['CuO_PG', 'Mn2O3_PG']",500.0,0.02,BF
PG-1129-1,MnCuO3,"['CuO_PG', 'MnO2_PG']",300.0,0.02,BF
PG-1130-1,CuMoO4,"['CuO_PG', 'MoO3_PG']",400.0,0.02,BF
PG-1131-1,CuPH9N2O5,"['CuO_PG', '(NH4)2HPO4_PG']",200.0,0.02,BF
PG-1134-1,CuPH6NO5,"['CuO_PG', 'NH4H2PO4_PG']",200.0,0.02,BF
PG-1135-1,Na2Cu2CO5,"['CuO_PG', 'Na2CO3_PG']",500.0,0.02,BF
PG-1138-1,Nb2Cu2O7,"['CuO_PG', 'Nb2O5_PG']",800.0,0.02,BF
PG-1139-1,CuNiO2,"['CuO_PG', 'NiO_PG']",800.0,0.02,BF
PG-1149-1,CuWO4,"['CuO_PG', 'WO3_PG']",800.0,0.02,BF
PG-1150-1,Y2Cu2O5,"['CuO_PG', 'Y2O3_PG']",800.0,0.02,BF
PG-1151-1,ZnCuO2,"['CuO_PG', 'ZnO_PG']",800.0,0.02,BF
PG-1152-1,ZrCuO3,"['CuO_PG', 'ZrO2_PG']",800.0,0.02,BF
PG-1225-1,Mg3Fe3O7,"['Fe3O4_PG', 'MgO_PG']",1000.0,0.02,BF
PG-1226-1,Mn3Fe3O7,"['Fe3O4_PG', 'MnO_PG']",1000.0,0.02,BF
PG-1227-1,Mn3Fe3O8,"['Fe3O4_PG', 'Mn3O4_PG']",1000.0,0.02,BF
PG-1228-1,Mn6Fe6O17,"['Fe3O4_PG', 'Mn2O3_PG']",500.0,0.02,BF
PG-1229-1,Mn3Fe3O10,"['Fe3O4_PG', 'MnO2_PG']",300.0,0.02,BF
PG-1230-1,Fe3Mo3O13,"['Fe3O4_PG', 'MoO3_PG']",400.0,0.02,BF
PG-1231-1,Fe3PH9(NO4)2,"['Fe3O4_PG', '(NH4)2HPO4_PG']",200.0,0.02,BF
PG-1234-1,Fe3PH6NO8,"['Fe3O4_PG', 'NH4H2PO4_PG']",200.0,0.02,BF
PG-1235-1,Na6Fe6C3O17,"['Fe3O4_PG', 'Na2CO3_PG']",500.0,0.02,BF
PG-1238-1,Nb6Fe6O23,"['Fe3O4_PG', 'Nb2O5_PG']",900.0,0.02,BF
PG-1239-1,Fe3Ni3O7,"['Fe3O4_PG', 'NiO_PG']",1000.0,0.02,BF
PG-1249-1,Fe3W3O13,"['Fe3O4_PG', 'WO3_PG']",900.0,0.02,BF
PG-1250-1,Y6Fe6O17,"['Fe3O4_PG', 'Y2O3_PG']",1000.0,0.02,BF
PG-1251-1,Zn3Fe3O7,"['Fe3O4_PG', 'ZnO_PG']",1000.0,0.02,BF
PG-1252-1,Zr3Fe3O10,"['Fe3O4_PG', 'ZrO2_PG']",1000.0,0.02,BF
PG-1325-1,Mg2Fe2O5,"['Fe2O3_PG', 'MgO_PG']",1000.0,0.02,BF
PG-1326-1,Mn2Fe2O5,"['Fe2O3_PG', 'MnO_PG']",1000.0,0.02,BF
PG-1327-1,Mn6Fe6O17,"['Fe2O3_PG', 'Mn3O4_PG']",1000.0,0.02,BF
PG-1328-1,MnFeO3,"['Fe2O3_PG', 'Mn2O3_PG']",500.0,0.02,BF
PG-1329-1,Mn2Fe2O7,"['Fe2O3_PG', 'MnO2_PG']",300.0,0.02,BF
PG-1330-1,Fe2Mo2O9,"['Fe2O3_PG', 'MoO3_PG']",400.0,0.02,BF
PG-1331-1,Fe2PH9N2O7,"['Fe2O3_PG', '(NH4)2HPO4_PG']",200.0,0.02,BF
PG-1334-1,Fe2PH6NO7,"['Fe2O3_PG', 'NH4H2PO4_PG']",200.0,0.02,BF
PG-1335-1,Na2Fe2CO6,"['Fe2O3_PG', 'Na2CO3_PG']",500.0,0.02,BF
PG-1338-1,NbFeO4,"['Fe2O3_PG', 'Nb2O5_PG']",900.0,0.02,BF
PG-1339-1,Fe2Ni2O5,"['Fe2O3_PG', 'NiO_PG']",1000.0,0.02,BF
PG-1340-1,Fe2Pb2O5,"['Fe2O3_PG', 'PbO_PG']",500.0,0.02,BF
PG-1349-1,Fe2W2O9,"['Fe2O3_PG', 'WO3_PG']",900.0,0.02,BF
PG-1350-1,YFeO3,"['Fe2O3_PG', 'Y2O3_PG']",1000.0,0.02,BF
PG-1351-1,Zn2Fe2O5,"['Fe2O3_PG', 'ZnO_PG']",1000.0,0.02,BF
PG-1352-1,Zr2Fe2O7,"['Fe2O3_PG', 'ZrO2_PG']",1000.0,0.02,BF
PG-1425-1,MgFeH4C2O7,"['FeC2O4(H2O)2_PG', 'MgO_PG']",200.0,0.02,BF
PG-1426-1,MnFeH4C2O7,"['FeC2O4(H2O)2_PG', 'MnO_PG']",200.0,0.02,BF
PG-1427-1,Mn3Fe3H12(C3O11)2,"['FeC2O4(H2O)2_PG', 'Mn3O4_PG']",200.0,0.02,BF
PG-1428-1,Mn2Fe2H8C4O15,"['FeC2O4(H2O)2_PG', 'Mn2O3_PG']",200.0,0.02,BF
PG-1429-1,MnFeH4(CO4)2,"['FeC2O4(H2O)2_PG', 'MnO2_PG']",200.0,0.02,BF
PG-1430-1,FeMoH4C2O9,"['FeC2O4(H2O)2_PG', 'MoO3_PG']",200.0,0.02,BF
PG-1431-1,FePH13C2(NO5)2,"['FeC2O4(H2O)2_PG', '(NH4)2HPO4_PG']",200.0,0.02,BF
PG-1434-1,FePH10C2NO10,"['FeC2O4(H2O)2_PG', 'NH4H2PO4_PG']",200.0,0.02,BF
PG-1435-1,Na2Fe2H8(CO3)5,"['FeC2O4(H2O)2_PG', 'Na2CO3_PG']",200.0,0.02,BF
PG-1438-1,Nb2Fe2H8C4O17,"['FeC2O4(H2O)2_PG', 'Nb2O5_PG']",200.0,0.02,BF
PG-1439-1,FeNiH4C2O7,"['FeC2O4(H2O)2_PG', 'NiO_PG']",200.0,0.02,BF
PG-1440-1,FeH4PbC2O7,"['FeC2O4(H2O)2_PG', 'PbO_PG']",200.0,0.02,BF
PG-1449-1,FeH4WC2O9,"['FeC2O4(H2O)2_PG', 'WO3_PG']",200.0,0.02,BF
PG-1450-1,Y2Fe2H8C4O15,"['FeC2O4(H2O)2_PG', 'Y2O3_PG']",200.0,0.02,BF
PG-1451-1,ZnFeH4C2O7,"['FeC2O4(H2O)2_PG', 'ZnO_PG']",200.0,0.02,BF
PG-1452-1,ZrFeH4(CO4)2,"['FeC2O4(H2O)2_PG', 'ZrO2_PG']",200.0,0.02,BF
PG-1525-1,Mg2Ga2O5,"['Ga2O3_PG', 'MgO_PG']",1100.0,0.02,BF
PG-1526-1,Mn2Ga2O5,"['Ga2O3_PG', 'MnO_PG']",1100.0,0.02,BF
PG-1527-1,Mn6Ga6O17,"['Ga2O3_PG', 'Mn3O4_PG']",1000.0,0.02,BF
PG-1528-1,MnGaO3,"['Ga2O3_PG', 'Mn2O3_PG']",500.0,0.02,BF
PG-1529-1,Mn2Ga2O7,"['Ga2O3_PG', 'MnO2_PG']",300.0,0.02,BF
PG-1530-1,Ga2Mo2O9,"['Ga2O3_PG', 'MoO3_PG']",400.0,0.02,BF
PG-1531-1,Ga2PH9N2O7,"['Ga2O3_PG', '(NH4)2HPO4_PG']",200.0,0.02,BF
PG-1534-1,Ga2PH6NO7,"['Ga2O3_PG', 'NH4H2PO4_PG']",200.0,0.02,BF
PG-1535-1,Na2Ga2CO6,"['Ga2O3_PG', 'Na2CO3_PG']",500.0,0.02,BF
PG-1538-1,NbGaO4,"['Ga2O3_PG', 'Nb2O5_PG']",900.0,0.02,BF
PG-1539-1,Ga2Ni2O5,"['Ga2O3_PG', 'NiO_PG']",1100.0,0.02,BF
PG-1549-1,Ga2W2O9,"['Ga2O3_PG', 'WO3_PG']",900.0,0.02,BF
PG-1550-1,YGaO3,"['Ga2O3_PG', 'Y2O3_PG']",1100.0,0.02,BF
PG-1551-1,Zn2Ga2O5,"['Ga2O3_PG', 'ZnO_PG']",1100.0,0.02,BF
PG-1552-1,Zr2Ga2O7,"['Ga2O3_PG', 'ZrO2_PG']",1100.0,0.02,BF
PG-1625-1,MgGeO3,"['GeO2_PG', 'MgO_PG']",700.0,0.02,BF
PG-1626-1,MnGeO3,"['GeO2_PG', 'MnO_PG']",700.0,0.02,BF
PG-1627-1,Mn3Ge3O10,"['GeO2_PG', 'Mn3O4_PG']",700.0,0.02,BF
PG-1628-1,Mn2Ge2O7,"['GeO2_PG', 'Mn2O3_PG']",500.0,0.02,BF
PG-1629-1,MnGeO4,"['GeO2_PG', 'MnO2_PG']",300.0,0.02,BF
PG-1630-1,GeMoO5,"['GeO2_PG', 'MoO3_PG']",400.0,0.02,BF
PG-1631-1,GePH9(NO3)2,"['GeO2_PG', '(NH4)2HPO4_PG']",200.0,0.02,BF
PG-1634-1,GePH6NO6,"['GeO2_PG', 'NH4H2PO4_PG']",200.0,0.02,BF
PG-1635-1,Na2Ge2CO7,"['GeO2_PG', 'Na2CO3_PG']",500.0,0.02,BF
PG-1638-1,Nb2Ge2O9,"['GeO2_PG', 'Nb2O5_PG']",700.0,0.02,BF
PG-1639-1,NiGeO3,"['GeO2_PG', 'NiO_PG']",700.0,0.02,BF
PG-1640-1,GePbO3,"['GeO2_PG', 'PbO_PG']",500.0,0.02,BF
PG-1649-1,GeWO5,"['GeO2_PG', 'WO3_PG']",700.0,0.02,BF
PG-1650-1,Y2Ge2O7,"['GeO2_PG', 'Y2O3_PG']",700.0,0.02,BF
PG-1651-1,ZnGeO3,"['GeO2_PG', 'ZnO_PG']",700.0,0.02,BF
PG-1652-1,ZrGeO4,"['GeO2_PG', 'ZrO2_PG']",700.0,0.02,BF
PG-4950-1,Y2W2O9,"['WO3_PG', 'Y2O3_PG']",900.0,0.02,BF
PG-4951-1,ZnWO4,"['WO3_PG', 'ZnO_PG']",900.0,0.02,BF
PG-4952-1,ZrWO5,"['WO3_PG', 'ZrO2_PG']",900.0,0.02,BF
PG-5051-1,Y2Zn2O5,"['Y2O3_PG', 'ZnO_PG']",1100.0,0.02,BF
PG-5052-1,Y2Zr2O7,"['Y2O3_PG', 'ZrO2_PG']",1100.0,0.02,BF
PG-5152-1,ZrZnO3,"['ZnO_PG', 'ZrO2_PG']",1100.0,0.02,BF
PG-4149-1,Sb2W2O9,"['Sb2O3_PG', 'WO3_PG']",300.0,0.02,BF
PG-4150-1,YSbO3,"['Sb2O3_PG', 'Y2O3_PG']",300.0,0.02,BF
PG-4151-1,Zn2Sb2O5,"['Sb2O3_PG', 'ZnO_PG']",300.0,0.02,BF
PG-4152-1,Zr2Sb2O7,"['Sb2O3_PG', 'ZrO2_PG']",300.0,0.02,BF
PG-4350-1,Y2Si2O7,"['SiO2_PG', 'Y2O3_PG']",1000.0,0.02,BF
PG-4351-1,ZnSiO3,"['SiO2_PG', 'ZnO_PG']",1000.0,0.02,BF
PG-4352-1,ZrSiO4,"['SiO2_PG', 'ZrO2_PG']",1000.0,0.02,BF
PG-4451-1,ZnSnO3,"['SnO2_PG', 'ZnO_PG']",1000.0,0.02,BF
PG-4452-1,ZrSnO4,"['SnO2_PG', 'ZrO2_PG']",1000.0,0.02,BF
PG-4650-1,Y2Ti2O7,"['TiO2_PG', 'Y2O3_PG']",1100.0,0.02,BF
PG-4652-1,ZrTiO4,"['TiO2_PG', 'ZrO2_PG']",1100.0,0.02,BF
PG-4849-1,V2W2O11,"['V2O5_PG', 'WO3_PG']",400.0,0.02,BF
PG-4850-1,YVO4,"['V2O5_PG', 'Y2O3_PG']",400.0,0.02,BF
PG-4851-1,V2Zn2O7,"['V2O5_PG', 'ZnO_PG']",400.0,0.02,BF
PG-4852-1,Zr2V2O9,"['V2O5_PG', 'ZrO2_PG']",400.0,0.02,BF
PG-3441-1,V2Pb2O7,"['NH4H2PO4_PG', 'Sb2O3_PG']",200.0,0.02,BF
PG-3541-1,V2Pb2O7,"['PbO_PG', 'V2O5_PG']",300.0,0.02,BF
PG-3543-1,V2Pb2O7,"['Na2CO3_PG', 'SiO2_PG']",500.0,0.02,BF
PG-3544-1,V2Pb2O7,"['Na2CO3_PG', 'SnO2_PG']",500.0,0.02,BF
PG-3545-1,ZrPbO3,"['Na2CO3_PG', 'SrCO3_PG']",500.0,0.02,BF
PG-3546-1,V2Pb2O7,"['Na2CO3_PG', 'TiO2_PG']",500.0,0.02,BF
PG-3841-1,V2Pb2O7,"['PbO_PG', 'V2O5_PG']",300.0,0.02,BF
PG-3844-1,V2Pb2O7,"['PbO_PG', 'V2O5_PG']",900.0,0.02,BF
PG-3846-1,V2Pb2O7,"['PbO_PG', 'V2O5_PG']",900.0,0.02,BF
PG-3847-1,V2Pb2O7,"['PbO_PG', 'V2O5_PG']",900.0,0.02,BF
PG-3848-1,V2Pb2O7,"['Nb2O5_PG', 'V2O5_PG']",400.0,0.02,BF
PG-3941-1,V2Pb2O7,"['PbO_PG', 'V2O5_PG']",300.0,0.02,BF
PG-3943-1,V2Pb2O7,"['PbO_PG', 'V2O5_PG']",1000.0,0.02,BF
PG-3945-1,V2Pb2O7,"['PbO_PG', 'V2O5_PG']",900.0,0.02,BF
PG-3948-1,V2Pb2O7,"['NiO_PG', 'V2O5_PG']",400.0,0.02,BF
PG-4041-1,V2Pb2O7,"['PbO_PG', 'V2O5_PG']",300.0,0.02,BF
PG-4043-1,ZrPbO3,"['PbO_PG', 'SiO2_PG']",500.0,0.02,BF
PG-4046-1,ZrPbO3,"['PbO_PG', 'TiO2_PG']",500.0,0.02,BF
PG-4047-1,ZrPbO3,"['PbO_PG', 'V2O3_PG']",500.0,0.02,BF
PG-4048-1,V2Pb2O7,"['PbO_PG', 'V2O5_PG']",400.0,0.02,BF
PG-3450-1,ZrPbO3,"['NH4H2PO4_PG', 'Y2O3_PG']",200.0,0.02,BF
PG-3549-1,ZrPbO3,"['Na2CO3_PG', 'WO3_PG']",500.0,0.02,BF
PG-3550-1,ZrPbO3,"['Na2CO3_PG', 'Y2O3_PG']",500.0,0.02,BF
PG-0117-1,Hf2Ag2O5,"['Ag2O_PG', 'HfO2_PG']",200.0,0.02,BF
PG-0119-1,K4Ag4H6C2O11,"['Ag2O_PG', 'K2CO3(H2O)1.5_PG']",200.0,0.02,BF
PG-0121-1,La2Ag2H6O7,"['Ag2O_PG', 'La(OH)3_PG']",200.0,0.02,BF
PG-0122-1,Li2Ag2CO4,"['Li2CO3_PG', 'Ag2O_PG']",200.0,0.02,BF
PG-0124-1,Li2Ag2H6O5,"['Ag2O_PG', 'LiOH(H2O)_PG']",200.0,0.02,BF
PG-0217-1,HfAlH3O5,"['Al(OH)3_PG', 'HfO2_PG']",200.0,0.02,BF
PG-0218-1,Al2In2(H2O3)3,"['Al(OH)3_PG', 'In2O3_PG']",200.0,0.02,BF
PG-0219-1,K4Al4H18C2O21,"['Al(OH)3_PG', 'K2CO3(H2O)1.5_PG']",200.0,0.02,BF
PG-0220-1,KAlPH5O7,"['Al(OH)3_PG', 'KH2PO4_PG']",200.0,0.02,BF
PG-0221-1,LaAl(HO)6,"['Al(OH)3_PG', 'La(OH)3_PG']",200.0,0.02,BF
PG-0222-1,Li2Al2H6CO9,"['Al(OH)3_PG', 'Li2CO3_PG']",200.0,0.02,BF
PG-0224-1,LiAlH6O5,"['Al(OH)3_PG', 'LiOH(H2O)_PG']",200.0,0.02,BF
PG-0318-1,In2B2(H2O3)3,"['B(OH)3_PG', 'In2O3_PG']",200.0,0.02,BF
PG-0319-1,K4B4H18C2O21,"['B(OH)3_PG', 'K2CO3(H2O)1.5_PG']",200.0,0.02,BF
PG-0320-1,KBPH5O7,"['B(OH)3_PG', 'KH2PO4_PG']",200.0,0.02,BF
PG-0322-1,Li2B2H6CO9,"['B(OH)3_PG', 'Li2CO3_PG']",200.0,0.02,BF
PG-0324-1,LiBH6O5,"['B(OH)3_PG', 'LiOH(H2O)_PG']",200.0,0.02,BF
PG-0417-1,BaHfCO5,"['BaCO3_PG', 'HfO2_PG']",400.0,0.02,BF
PG-0419-1,K4Ba4H6(C2O7)3,"['BaCO3_PG', 'K2CO3(H2O)1.5_PG']",400.0,0.02,BF
PG-0420-1,KBaPH2CO7,"['BaCO3_PG', 'KH2PO4_PG']",200.0,0.02,BF
PG-0422-1,Ba2Li2(CO3)3,"['BaCO3_PG', 'Li2CO3_PG']",400.0,0.02,BF
PG-0424-1,BaLiH3CO5,"['BaCO3_PG', 'LiOH(H2O)_PG']",200.0,0.02,BF
PG-0518-1,Ba2In2O7,"['BaO2_PG', 'In2O3_PG']",200.0,0.02,BF
PG-0520-1,KBaP(HO3)2,"['BaO2_PG', 'KH2PO4_PG']",200.0,0.02,BF
PG-0521-1,BaLaH3O5,"['BaO2_PG', 'La(OH)3_PG']",200.0,0.02,BF
PG-0522-1,Ba2Li2CO7,"['BaO2_PG', 'Li2CO3_PG']",200.0,0.02,BF
PG-0524-1,BaLiH3O4,"['BaO2_PG', 'LiOH(H2O)_PG']",200.0,0.02,BF
PG-0617-1,Hf2Bi2O7,"['Bi2O3_PG', 'HfO2_PG']",500.0,0.02,BF
PG-0618-1,InBiO3,"['Bi2O3_PG', 'In2O3_PG']",500.0,0.02,BF
PG-0620-1,K2Bi2P2H4O11,"['Bi2O3_PG', 'KH2PO4_PG']",200.0,0.02,BF
PG-0621-1,La2Bi2(H2O3)3,"['Bi2O3_PG', 'La(OH)3_PG']",200.0,0.02,BF
PG-0624-1,Li2Bi2H6O7,"['Bi2O3_PG', 'LiOH(H2O)_PG']",200.0,0.02,BF
PG-0717-1,CaHfCO5,"['CaCO3_PG', 'HfO2_PG']",500.0,0.02,BF
PG-0718-1,Ca2In2C2O9,"['CaCO3_PG', 'In2O3_PG']",500.0,0.02,BF
PG-0720-1,KCaPH2CO7,"['CaCO3_PG', 'KH2PO4_PG']",200.0,0.02,BF
PG-0722-1,Li2Ca2(CO3)3,"['CaCO3_PG', 'Li2CO3_PG']",400.0,0.02,BF
PG-0724-1,LiCaH3CO5,"['CaCO3_PG', 'LiOH(H2O)_PG']",200.0,0.02,BF
PG-0818-1,In2Co2O5,"['CoO_PG', 'In2O3_PG']",1100.0,0.02,BF
PG-0820-1,KCoPH2O5,"['CoO_PG', 'KH2PO4_PG']",200.0,0.02,BF
PG-0822-1,Li2Co2CO5,"['CoO_PG', 'Li2CO3_PG']",400.0,0.02,BF
PG-0824-1,LiCo(HO)3,"['CoO_PG', 'LiOH(H2O)_PG']",200.0,0.02,BF
PG-1718-1,Hf2In2O7,"['HfO2_PG', 'In2O3_PG']",1100.0,0.02,BF
PG-1719-1,K4Hf4H6C2O17,"['HfO2_PG', 'K2CO3(H2O)1.5_PG']",500.0,0.02,BF
PG-1720-1,KHfP(HO3)2,"['HfO2_PG', 'KH2PO4_PG']",200.0,0.02,BF
PG-1722-1,Li2Hf2CO7,"['HfO2_PG', 'Li2CO3_PG']",400.0,0.02,BF
PG-1724-1,LiHfH3O4,"['HfO2_PG', 'LiOH(H2O)_PG']",200.0,0.02,BF
PG-1819-1,K4In4H6C2O15,"['In2O3_PG', 'K2CO3(H2O)1.5_PG']",500.0,0.02,BF
PG-1820-1,K2In2P2H4O11,"['In2O3_PG', 'KH2PO4_PG']",200.0,0.02,BF
PG-1821-1,La2In2(H2O3)3,"['In2O3_PG', 'La(OH)3_PG']",200.0,0.02,BF
PG-1822-1,Li2In2CO6,"['In2O3_PG', 'Li2CO3_PG']",400.0,0.02,BF
PG-1824-1,Li2In2H6O7,"['In2O3_PG', 'LiOH(H2O)_PG']",200.0,0.02,BF
PG-1920-1,K8P4H14C2O25,"['K2CO3(H2O)1.5_PG', 'KH2PO4_PG']",200.0,0.02,BF
PG-1922-1,K4Li4H6C4O15,"['K2CO3(H2O)1.5_PG', 'Li2CO3_PG']",400.0,0.02,BF
PG-1924-1,K4Li4H18C2O17,"['K2CO3(H2O)1.5_PG', 'LiOH(H2O)_PG']",200.0,0.02,BF
PG-2022-1,K2Li2P2H4CO11,"['KH2PO4_PG', 'Li2CO3_PG']",200.0,0.02,BF
PG-2024-1,KLiPH5O6,"['KH2PO4_PG', 'LiOH(H2O)_PG']",200.0,0.02,BF
PG-2122-1,Li2La2H6CO9,"['La(OH)3_PG', 'Li2CO3_PG']",200.0,0.02,BF
PG-2224-1,Li4H6CO7,"['Li2CO3_PG', 'LiOH(H2O)_PG']",200.0,0.02,BF
PG-1725-1,HfMgO3,"['HfO2_PG', 'MgO_PG']",1100.0,0.02,BF
PG-1726-1,HfMnO3,"['HfO2_PG', 'MnO_PG']",1100.0,0.02,BF
PG-1727-1,Hf3Mn3O10,"['HfO2_PG', 'Mn3O4_PG']",1000.0,0.02,BF
PG-1728-1,Hf2Mn2O7,"['HfO2_PG', 'Mn2O3_PG']",500.0,0.02,BF
PG-1729-1,HfMnO4,"['HfO2_PG', 'MnO2_PG']",300.0,0.02,BF
PG-1730-1,HfMoO5,"['HfO2_PG', 'MoO3_PG']",400.0,0.02,BF
PG-1731-1,HfPH9(NO3)2,"['HfO2_PG', '(NH4)2HPO4_PG']",200.0,0.02,BF
PG-1825-1,Mg2In2O5,"['In2O3_PG', 'MgO_PG']",1100.0,0.02,BF
PG-1826-1,Mn2In2O5,"['In2O3_PG', 'MnO_PG']",1100.0,0.02,BF
PG-1827-1,Mn6In6O17,"['In2O3_PG', 'Mn3O4_PG']",1000.0,0.02,BF
PG-1829-1,Mn2In2O7,"['In2O3_PG', 'MnO2_PG']",300.0,0.02,BF
PG-1830-1,In2Mo2O9,"['In2O3_PG', 'MoO3_PG']",400.0,0.02,BF
PG-1831-1,In2PH9N2O7,"['In2O3_PG', '(NH4)2HPO4_PG']",200.0,0.02,BF
PG-1925-1,K4Mg4H6C2O13,"['K2CO3(H2O)1.5_PG', 'MgO_PG']",500.0,0.02,BF
PG-1926-1,K4Mn4H6C2O13,"['K2CO3(H2O)1.5_PG', 'MnO_PG']",500.0,0.02,BF
PG-1927-1,K12Mn12H18C6O43,"['K2CO3(H2O)1.5_PG', 'Mn3O4_PG']",500.0,0.02,BF
PG-1928-1,K4Mn4H6C2O15,"['K2CO3(H2O)1.5_PG', 'Mn2O3_PG']",500.0,0.02,BF
PG-1929-1,K4Mn4H6C2O17,"['K2CO3(H2O)1.5_PG', 'MnO2_PG']",300.0,0.02,BF
PG-1930-1,K4Mo4H6C2O21,"['K2CO3(H2O)1.5_PG', 'MoO3_PG']",400.0,0.02,BF
PG-1931-1,K4PH15C2N2O13,"['K2CO3(H2O)1.5_PG', '(NH4)2HPO4_PG']",200.0,0.02,BF
PG-2025-1,KMgPH2O5,"['KH2PO4_PG', 'MgO_PG']",200.0,0.02,BF
PG-2026-1,KMnPH2O5,"['KH2PO4_PG', 'MnO_PG']",200.0,0.02,BF
PG-2027-1,K3Mn3P3(H3O8)2,"['KH2PO4_PG', 'Mn3O4_PG']",200.0,0.02,BF
PG-2028-1,K2Mn2P2H4O11,"['KH2PO4_PG', 'Mn2O3_PG']",200.0,0.02,BF
PG-2029-1,KMnP(HO3)2,"['KH2PO4_PG', 'MnO2_PG']",200.0,0.02,BF
PG-2030-1,KMoPH2O7,"['KH2PO4_PG', 'MoO3_PG']",200.0,0.02,BF
PG-2031-1,KP2H11(NO4)2,"['KH2PO4_PG', '(NH4)2HPO4_PG']",200.0,0.02,BF
PG-2125-1,LaMgH3O4,"['La(OH)3_PG', 'MgO_PG']",200.0,0.02,BF
PG-2126-1,LaMnH3O4,"['La(OH)3_PG', 'MnO_PG']",200.0,0.02,BF
PG-2127-1,La3Mn3H9O13,"['La(OH)3_PG', 'Mn3O4_PG']",200.0,0.02,BF
PG-2128-1,La2Mn2(H2O3)3,"['La(OH)3_PG', 'Mn2O3_PG']",200.0,0.02,BF
PG-2129-1,LaMnH3O5,"['La(OH)3_PG', 'MnO2_PG']",200.0,0.02,BF
PG-2130-1,LaMo(HO2)3,"['La(OH)3_PG', 'MoO3_PG']",200.0,0.02,BF
PG-2131-1,LaPH12N2O7,"['La(OH)3_PG', '(NH4)2HPO4_PG']",200.0,0.02,BF
PG-2225-1,Li2Mg2CO5,"['Li2CO3_PG', 'MgO_PG']",400.0,0.02,BF
PG-2226-1,Li2Mn2CO5,"['Li2CO3_PG', 'MnO_PG']",400.0,0.02,BF
PG-2227-1,Li6Mn6C3O17,"['Li2CO3_PG', 'Mn3O4_PG']",400.0,0.02,BF
PG-2228-1,Li2Mn2CO6,"['Li2CO3_PG', 'Mn2O3_PG']",400.0,0.02,BF
PG-2229-1,Li2Mn2CO7,"['Li2CO3_PG', 'MnO2_PG']",300.0,0.02,BF
PG-2231-1,Li2PH9CN2O7,"['Li2CO3_PG', '(NH4)2HPO4_PG']",200.0,0.02,BF
PG-2425-1,LiMg(HO)3,"['LiOH(H2O)_PG', 'MgO_PG']",200.0,0.02,BF
PG-2426-1,LiMn(HO)3,"['LiOH(H2O)_PG', 'MnO_PG']",200.0,0.02,BF
PG-2427-1,Li3Mn3H9O10,"['LiOH(H2O)_PG', 'Mn3O4_PG']",200.0,0.02,BF
PG-2428-1,Li2Mn2H6O7,"['LiOH(H2O)_PG', 'Mn2O3_PG']",200.0,0.02,BF
PG-2429-1,LiMnH3O4,"['LiOH(H2O)_PG', 'MnO2_PG']",200.0,0.02,BF
PG-2430-1,LiMoH3O5,"['LiOH(H2O)_PG', 'MoO3_PG']",200.0,0.02,BF
PG-2431-1,LiPH12(NO3)2,"['LiOH(H2O)_PG', '(NH4)2HPO4_PG']",200.0,0.02,BF
